id,member_key,date_of_birth,first_name,last_name,price_zone_code,u_disabilities,u_gender,SA1,SA2,SA3,SA4
5438,fca00460-3059-11eb-a567-836633b013f1,2002-07-31,Abbie,Norcutt,ACT_NSW_QLD_VIC,,Male,3124802,31248,30906,309
5551,ab72a050-39fc-11eb-8125-85919dee082c,2015-12-22,Abigail,Jelks,ACT_NSW_QLD_VIC,,Male,3124802,31248,30906,309
2508,afa63d20-d50d-11ea-8224-836b70d82925,1998-04-29,Addison,Simmank,ACT_NSW_QLD_VIC,"Bipolar disorder",Female,3124802,31248,30906,309
2511,afb46df0-d50d-11ea-8224-836b70d82925,1972-03-29,Adora,Pawson,NT_SA_TAS_WA,Amputee,Male,0,0,0,0
5646,eaad71b0-4342-11eb-b7c9-a79931f0625a,2008-11-28,Adriana,Postance,ACT_NSW_QLD_VIC,,Male,3124802,31248,30906,309
3107,5c89b960-dce6-11ea-812e-09cdf4382371,1980-06-03,Aeriela,Touzey,ACT_NSW_QLD_VIC,,Male,3124802,31248,30906,309
2687,b3019d20-d50d-11ea-8224-836b70d82925,2008-05-06,Ailee,Doxey,ACT_NSW_QLD_VIC,,Male,7102304,71023,70102,701
4217,04749100-e78b-11ea-8ae0-713eb2282c5f,1999-10-10,Alasdair,Yanson,ACT_NSW_QLD_VIC,"Intellectual disability",Male,5109817,51098,50503,505
5194,b75ddf30-1ef7-11eb-bbaf-211a1045b5f9,1998-11-09,Albertine,Combes,ACT_NSW_QLD_VIC,,Male,3124802,31248,30906,309
3393,d668fa80-dcef-11ea-a5ac-61abce895864,2011-12-20,Aldric,Colmore,ACT_NSW_QLD_VIC,,Male,3103214,31032,30202,302
607,bbde5900-c7e9-11ea-80e0-3df355beb07c,2001-01-06,Aleece,Clemas,ACT_NSW_QLD_VIC,,Male,3111220,31112,30501,305
3909,0415c530-e588-11ea-b453-3de7750d4ba6,1999-03-10,Alexa,Klees,ACT_NSW_QLD_VIC,,Female,0,0,0,0
5953,c05731f0-61ef-11eb-954a-a97dfb24eddc,1982-09-17,Alfonse,Clemente,ACT_NSW_QLD_VIC,,Female,1141015,11410,12103,121
4694,a8350660-00b5-11eb-9919-ed82cebb87ca,2010-11-15,Alfy,Springate,ACT_NSW_QLD_VIC,,Female,3124211,31242,30904,309
6393,216e5200-852e-11eb-a21c-27e76600cfca,2016-01-19,Alidia,Dilliway,ACT_NSW_QLD_VIC,,Female,3124802,31248,30906,309
4524,26fa5450-f8aa-11ea-ad24-4590fac688b2,1968-11-20,Alix,Conaghan,ACT_NSW_QLD_VIC,"Anxiety, Depression and Major back injur",Male,3124802,31248,30906,309
6449,bdca6780-8789-11eb-9a0a-e3c004116573,2012-09-28,Aliza,Worsham,ACT_NSW_QLD_VIC,,Male,3124802,31248,30906,309
1518,06bdc2d0-caf1-11ea-8835-c7fb3ff7d301,2013-05-28,Allen,Blowfield,ACT_NSW_QLD_VIC,,Male,3124802,31248,30906,309
23,1af00b90-b774-11ea-9e3d-035c0f0fc9d5,2007-11-04,Allis,Stickney,NT_SA_TAS_WA,,Male,3110926,31109,30501,305
3830,f1b2c200-e52b-11ea-aa27-0bababe260e0,2011-10-19,Allyce,Ivins,ACT_NSW_QLD_VIC,"Perthes disease, Intellectual disability, Non verbal, Microcephaly, Epilepsy",Male,3124802,31248,30906,309
5545,6bd19f10-39f6-11eb-a6f1-8990b6036c5e,1971-03-31,Alvinia,Santhouse,ACT_NSW_QLD_VIC,"Posttraumatic stress disorder, Depression, Bipolar disorder",Male,3124802,31248,30906,309
4391,e99f9f70-edb4-11ea-95f9-378584bd80a7,2003-11-01,Alvy,Deroche,ACT_NSW_QLD_VIC,"Intellectual disability, Oppositional defiance disorder , ADHD",Male,0,0,0,0
2022,a6c2eb80-d220-11ea-b70a-d17e589b1829,1965-01-05,Amii,Izon,NT_SA_TAS_WA,"Intellectual impairment",Female,3124802,31248,30906,309
4215,9cff1c60-e786-11ea-973c-bf41324305ed,1962-09-05,Anallise,Harrinson,ACT_NSW_QLD_VIC,,,0,0,0,0
1500,1d3e46f0-c7ff-11ea-8f44-bd7514ab32db,2017-02-04,Andriana,McGriele,ACT_NSW_QLD_VIC,"Develpmental Delay ",Male,3124802,31248,30906,309
1704,63321040-d20b-11ea-ae84-0545f282cdcb,1999-11-14,Angeli,Butcher,NT_SA_TAS_WA,,Female,0,0,0,0
4430,4b3aff50-f165-11ea-a991-53506b6cb9f3,1960-03-19,Angelle,Burdis,ACT_NSW_QLD_VIC,,Male,0,0,0,0
1866,b00a9b20-d216-11ea-bb54-b308798eda15,1956-09-21,Anjela,Nezey,ACT_NSW_QLD_VIC,"Vision Impaired",Female,3124802,31248,30906,309
589,bb895b30-c7e9-11ea-80e0-3df355beb07c,2009-04-03,Annabal,Arnholz,ACT_NSW_QLD_VIC,,Male,0,0,0,0
720,bdf8fba0-c7e9-11ea-80e0-3df355beb07c,1983-10-11,Annabal,Richardon,NT_SA_TAS_WA,,Female,3128618,31286,31003,310
1967,615bd660-d21b-11ea-b617-61a96cd5c136,1964-05-06,Annamarie,Hicken,ACT_NSW_QLD_VIC,,Female,3139425,31394,31403,314
4169,767c5a80-e781-11ea-81ad-09a1d4aac9cd,1961-06-23,Anne-corinne,Braden,ACT_NSW_QLD_VIC,"Multiple Sclerosis",Female,3107206,31072,30305,303
5122,215f5e90-1d8b-11eb-961f-35ca222d8f37,2017-11-02,Antoinette,Baptist,ACT_NSW_QLD_VIC,,Male,0,0,0,0
4450,48f14aa0-f25b-11ea-af30-8d20b6b7a6ae,2019-01-30,Antonia,Stoyles,ACT_NSW_QLD_VIC,,Male,0,0,0,0
5618,15551f10-3f6c-11eb-af63-f955e2163e62,2013-04-10,Antonio,Haburne,ACT_NSW_QLD_VIC,,Female,0,0,0,0
6144,e4221bb0-702a-11eb-9523-0b164258eb91,1961-11-28,Arabela,Grece,ACT_NSW_QLD_VIC,,Female,3103116,31031,30202,302
1982,61a75e50-d21b-11ea-b617-61a96cd5c136,1963-04-23,Archaimbaud,Mulvenna,ACT_NSW_QLD_VIC,,,3124802,31248,30906,309
6203,47e047b0-75a0-11eb-abca-2f40d22c2fc1,1958-06-26,Ardella,Bellhouse,ACT_NSW_QLD_VIC,,Male,0,0,0,0
1889,b0796280-d216-11ea-bb54-b308798eda15,1978-06-29,Arlen,Bowler,ACT_NSW_QLD_VIC,,Female,3132118,31321,31104,311
4174,9c2c14f0-e786-11ea-973c-bf41324305ed,1982-02-02,Arleyne,Howitt,ACT_NSW_QLD_VIC,,Female,1104019,11040,10201,102
3871,f28bbce0-e52b-11ea-aa27-0bababe260e0,2003-09-08,Arlinda,Tombs,ACT_NSW_QLD_VIC,,Female,3124802,31248,30906,309
4666,c225f450-0090-11eb-8027-fd79b0c7803d,2000-03-07,Arni,Tocher,ACT_NSW_QLD_VIC,,Female,3124802,31248,30906,309
5168,e0874e90-1e21-11eb-931b-3f565ba74e99,1958-07-25,Arnie,Wolsey,ACT_NSW_QLD_VIC,,Female,0,0,0,0
4746,c82f7570-02e2-11eb-aeeb-8b60fd655d8f,1970-02-23,Arnoldo,Atchly,ACT_NSW_QLD_VIC,,Female,0,0,0,0
3964,053e1890-e588-11ea-b453-3de7750d4ba6,1957-12-26,Artair,Kenningham,ACT_NSW_QLD_VIC,,Male,0,0,0,0
3392,d6643f90-dcef-11ea-a5ac-61abce895864,2016-04-20,Ashlan,Cheer,ACT_NSW_QLD_VIC,,Female,0,0,0,0
5692,37fdcf80-4e21-11eb-bcfc-6ba43ac4d355,2014-10-19,Athene,Crosetto,ACT_NSW_QLD_VIC,,Female,3105621,31056,30302,303
483,a6bc9f10-c26b-11ea-86a3-73cae5fb33df,2006-03-15,Auberta,Ottley,ACT_NSW_QLD_VIC,"Cerebral palsy",Female,3124802,31248,30906,309
1105,f3d45260-c7f3-11ea-baa6-ebfe92aca975,1961-03-29,Audrey,Jenne,ACT_NSW_QLD_VIC,,Male,3124802,31248,30906,309
6093,bf89fd90-6cc9-11eb-8f9e-59ca101c3f75,1956-11-25,Augustine,Huchot,ACT_NSW_QLD_VIC,,Female,0,0,0,0
2864,c42bf4c0-d6d3-11ea-9cd1-f194648955a5,2001-03-15,Avery,Gillan,ACT_NSW_QLD_VIC,,Male,3113010,31130,30503,305
4529,07441130-f951-11ea-a542-6bd0e4934c0a,2019-06-14,Bab,Blase,ACT_NSW_QLD_VIC,,Female,3124802,31248,30906,309
4979,d086e3e0-14fb-11eb-aca4-d5fb3af39f43,2000-06-16,Babbie,Ledward,ACT_NSW_QLD_VIC,,,3131706,31317,31103,311
3713,ad9b1200-e33e-11ea-8b21-dde9a075c3ef,2016-02-21,Barbie,Borthwick,ACT_NSW_QLD_VIC,,Male,3124802,31248,30906,309
2324,fb7ba7f0-d23b-11ea-a13a-d188ddbdc773,2017-06-03,Barry,Ellicock,ACT_NSW_QLD_VIC,,Male,3124802,31248,30906,309
5922,d6fc6cd0-6105-11eb-93e8-37e07c58a1af,2000-05-12,Bart,Esterbrook,ACT_NSW_QLD_VIC,,Female,3124802,31248,30906,309
3168,5db12260-dce6-11ea-812e-09cdf4382371,1994-07-21,Bart,Yukhov,NT_SA_TAS_WA,,,3124802,31248,30906,309
3224,d2f90110-dcef-11ea-a5ac-61abce895864,2005-06-01,Basilio,Cutchee,ACT_NSW_QLD_VIC,"Intellectual disability",Male,0,0,0,0
6122,cd0663f0-6f35-11eb-9801-59632b213a93,2008-06-28,Beatrisa,Bramich,ACT_NSW_QLD_VIC,,Female,3124802,31248,30906,309
5744,27585520-5186-11eb-a0d5-a3333da6d37f,1960-12-31,Becky,Brompton,ACT_NSW_QLD_VIC,,Female,3144422,31444,31606,316
6507,739c5530-8cfa-11eb-9e79-77be9e9c0ac1,2007-02-10,Bekki,Springall,ACT_NSW_QLD_VIC,,Female,3106605,31066,30303,303
4042,34fc6c70-e741-11ea-804b-97facb641bb5,1961-01-03,Belle,Calabry,ACT_NSW_QLD_VIC,,Male,3110120,31101,30404,304
4005,06184bf0-e588-11ea-b453-3de7750d4ba6,1970-09-17,Benedikt,Hadgraft,VeryRemote,,Male,2128719,21287,21201,212
5119,974e30d0-1d82-11eb-a5b7-9dd816036e31,2017-06-22,Benjamin,Hegdonne,ACT_NSW_QLD_VIC,,Male,3137502,31375,31304,313
616,bc080110-c7e9-11ea-80e0-3df355beb07c,2007-05-30,Bentley,Mitchely,ACT_NSW_QLD_VIC,,Male,3124802,31248,30906,309
2270,b0272b60-d238-11ea-aed8-25028c760942,1970-05-31,Berke,Cushe,ACT_NSW_QLD_VIC,,Female,3132302,31323,31105,311
6284,d3223bc0-7b23-11eb-bb56-f1d353c5d8e1,1966-05-01,Bernardine,Kynoch,ACT_NSW_QLD_VIC,,Female,3129337,31293,31003,310
4335,44a0b390-e8f7-11ea-95c6-1ddffa748b78,2018-03-02,Bernardo,Boerder,ACT_NSW_QLD_VIC,,Male,3105406,31054,30302,303
6114,d490bea0-6d27-11eb-8ddf-917150a53fe7,1988-03-25,Bertine,Lerhinan,ACT_NSW_QLD_VIC,,Male,3153606,31536,30805,308
5574,0010f240-3b5d-11eb-aa73-7be7bbd3c758,2004-06-28,Beryl,McDuff,ACT_NSW_QLD_VIC,"Asperger syndrome",Female,3138648,31386,31401,314
2460,fc1c3e30-d2be-11ea-9111-4909e54dcef4,2011-11-17,Beryle,Tanzer,ACT_NSW_QLD_VIC,"Speech delay, Intellectual disability",Male,3142410,31424,31602,316
1821,af31a040-d216-11ea-bb54-b308798eda15,1962-03-16,Bethanne,Parmer,ACT_NSW_QLD_VIC,,Female,3124802,31248,30906,309
5339,58026c60-296d-11eb-90e9-25c6b42868ec,1981-03-26,Betteanne,Raden,NT_SA_TAS_WA,,Male,3106810,31068,30304,303
6430,edb1a590-8620-11eb-b6c2-f7ca186359f3,1977-12-12,Bettina,Britten,ACT_NSW_QLD_VIC,"Schizophrenia, Bipolar disorder",Male,3147703,31477,31802,318
4890,4b6b4070-0e98-11eb-a0b3-33a58f98b378,1998-08-26,Bettye,Figures,ACT_NSW_QLD_VIC,,Female,3124802,31248,30906,309
5147,e01a8300-1e21-11eb-931b-3f565ba74e99,1988-09-12,Bev,Briscow,ACT_NSW_QLD_VIC,,Female,3110120,31101,30404,304
1662,e86f21b0-d208-11ea-a272-f7bc49fb354a,2012-04-25,Biddy,Jerrams,ACT_NSW_QLD_VIC,,,3132602,31326,31105,311
2178,ae0bec80-d238-11ea-aed8-25028c760942,1975-03-19,Billye,Blyden,ACT_NSW_QLD_VIC,,Female,3124802,31248,30906,309
5668,b841a7a0-44d7-11eb-8f90-b1b6463f704d,1973-01-24,Bink,Rosengart,ACT_NSW_QLD_VIC,,Male,2142316,21423,21701,217
1311,f8175340-c7f3-11ea-baa6-ebfe92aca975,1957-08-15,Birgit,Hodgins,ACT_NSW_QLD_VIC,"Parkinson's disease, Bipolar disorder",Male,3105917,31059,30302,303
4796,7b83c480-0849-11eb-a40b-a5facbf1d409,2012-05-03,Birgitta,McKennan,ACT_NSW_QLD_VIC,,Female,3124802,31248,30906,309
4092,529aa820-e762-11ea-87b5-2d26e519b5b2,1990-01-27,Blaire,Ragbourne,ACT_NSW_QLD_VIC,,,3124802,31248,30906,309
4387,4e5aa110-ed8f-11ea-850c-d1872c338394,1957-12-15,Blanca,Darleston,ACT_NSW_QLD_VIC,,Female,0,0,0,0
6146,075efe30-702c-11eb-9523-0b164258eb91,1983-10-05,Blinnie,Clyde,ACT_NSW_QLD_VIC,,Male,3124802,31248,30906,309
3289,d44e09c0-dcef-11ea-a5ac-61abce895864,2015-02-18,Bobina,Milazzo,ACT_NSW_QLD_VIC,"Intellectual disability",Male,3124802,31248,30906,309
3831,f1b84040-e52b-11ea-aa27-0bababe260e0,1970-07-09,Boigie,Makey,ACT_NSW_QLD_VIC,"Hearing Impairment",Female,2137907,21379,21402,214
3748,eff3fb00-e52b-11ea-aa27-0bababe260e0,1957-05-12,Boony,Yosselevitch,ACT_NSW_QLD_VIC,,Male,0,0,0,0
3583,df0e2020-ddb7-11ea-a31a-7d25e47a5c0a,1962-05-22,Boyce,Ianni,ACT_NSW_QLD_VIC,"Vision Impaired, Dementia, Meningitis",Male,3124802,31248,30906,309
3614,dfb50e80-ddb7-11ea-a31a-7d25e47a5c0a,1981-04-13,Boycey,Cosham,NT_SA_TAS_WA,"AbI , Physical, left hand and fingers still no",Female,3124802,31248,30906,309
5271,cda0bca0-23dd-11eb-b960-316d02ace69b,2012-11-29,Brandie,Posselt,ACT_NSW_QLD_VIC,,Male,0,0,0,0
4899,b24129a0-0eb0-11eb-af8f-7b80bc2d5343,1978-12-09,Brendis,Whitrod,ACT_NSW_QLD_VIC,,Female,3102006,31020,30103,301
5748,948ead20-53b0-11eb-b64d-fd22ac1d9e3e,1957-02-07,Brenna,Hargreves,ACT_NSW_QLD_VIC,,Female,1143710,11437,12302,123
5251,61e257f0-230e-11eb-8e38-eb0fe75435e8,2014-08-16,Bret,Dowyer,ACT_NSW_QLD_VIC,,Female,3130011,31300,31004,310
2883,fe6355d0-d6e1-11ea-a500-7f405e927aa3,1998-05-25,Britni,Bundey,ACT_NSW_QLD_VIC,,Male,3103514,31035,30203,302
4523,cbc80920-f8a8-11ea-ad24-4590fac688b2,2016-05-20,Brose,Birnie,ACT_NSW_QLD_VIC,,Female,3124802,31248,30906,309
6273,671f6f40-7afd-11eb-96ab-8f6fdfe8bba6,2016-11-30,Bryan,Slobom,ACT_NSW_QLD_VIC,,Female,2134812,21348,21303,213
6148,75cc8ab0-70b6-11eb-ad13-9558bc5f84e9,1967-10-31,Burch,Clelle,ACT_NSW_QLD_VIC,"Intellectual disability",,0,0,0,0
4209,9ce37e10-e786-11ea-973c-bf41324305ed,2008-12-31,Byram,Vassie,ACT_NSW_QLD_VIC,,Male,0,0,0,0
185,dadcf9e0-c179-11ea-8a11-397bdc21f5a9,1970-01-01,Calida,Celle,ACT_NSW_QLD_VIC,,Female,3124802,31248,30906,309
5519,1598b290-382b-11eb-9a4d-4100b925c16b,2015-04-22,Callida,Hubberstey,ACT_NSW_QLD_VIC,,Male,2131910,21319,21205,212
4738,bd8eb460-02be-11eb-8b6e-357c417d6021,1963-04-29,Camel,Vollam,ACT_NSW_QLD_VIC,,Male,0,0,0,0
4902,28b5ef90-0eba-11eb-9d1e-efa7a9d763fe,1993-03-25,Caril,Hodgen,ACT_NSW_QLD_VIC,,Male,3124802,31248,30906,309
1687,e9008c40-d208-11ea-a272-f7bc49fb354a,1986-07-18,Caril,Reuss,ACT_NSW_QLD_VIC,"Vision Impaired",Male,3109305,31093,30403,304
4840,8bb1b990-09f5-11eb-b7e6-5f90c3a4b38d,2008-08-26,Carissa,Singh,ACT_NSW_QLD_VIC,,Male,3110120,31101,30404,304
5118,bc8783c0-1d7c-11eb-8266-57b066f2656f,1995-07-28,Carlee,Pidgeley,ACT_NSW_QLD_VIC,,Male,0,0,0,0
4944,8de6e120-134d-11eb-b080-c9ba7fe40716,1970-02-27,Carlyle,Filyaev,NT_SA_TAS_WA,,Male,0,0,0,0
4263,622f6c50-e80f-11ea-983f-69a06f97de2b,2011-12-10,Carlyle,Syer,ACT_NSW_QLD_VIC,,Male,3113708,31137,30504,305
1902,600df9a0-d21b-11ea-b617-61a96cd5c136,1961-10-31,Carmela,Carrodus,ACT_NSW_QLD_VIC,,Male,3130901,31309,31102,311
3941,04c1bca0-e588-11ea-b453-3de7750d4ba6,1977-05-09,Carol,Goodby,ACT_NSW_QLD_VIC,"Stroke (brain stem), Acquired Brain Injury",Male,3124802,31248,30906,309
1287,f79997c0-c7f3-11ea-baa6-ebfe92aca975,2007-12-30,Caron,Maes,NT_SA_TAS_WA,"Cerebral palsy",Male,0,0,0,0
2426,83376970-d243-11ea-9818-790e5fd47e9b,1965-09-19,Carr,Petofi,ACT_NSW_QLD_VIC,,Female,3107617,31076,30305,303
2849,c3e1f370-d6d3-11ea-9cd1-f194648955a5,1999-08-28,Carree,Cudiff,ACT_NSW_QLD_VIC,,Female,3124802,31248,30906,309
5361,6f205fb0-2ab2-11eb-b575-553103f5167c,2014-03-03,Carrissa,Burnel,ACT_NSW_QLD_VIC,,Male,3139302,31393,31403,314
5544,a14bc400-39f5-11eb-a6f1-8990b6036c5e,1959-05-15,Case,Pughsley,ACT_NSW_QLD_VIC,,Female,3124802,31248,30906,309
4685,c2894a00-0090-11eb-8027-fd79b0c7803d,1979-07-04,Cassy,Maeer,NT_SA_TAS_WA,"Hearing Impairment, Hearing Impairment",Female,2111903,21119,20604,206
2412,82e63c30-d243-11ea-9818-790e5fd47e9b,2010-04-10,Cate,Romand,ACT_NSW_QLD_VIC,,Female,3124802,31248,30906,309
1358,f90c88b0-c7f3-11ea-baa6-ebfe92aca975,2011-10-01,Catharina,Learoid,ACT_NSW_QLD_VIC,,,3101707,31017,30103,301
4189,9c7a5c00-e786-11ea-973c-bf41324305ed,2000-10-18,Catlaina,Cawdery,ACT_NSW_QLD_VIC,,,3111727,31117,30502,305
5285,44193750-2540-11eb-a49f-ad73a8ae667c,1971-07-20,Caty,Perris,ACT_NSW_QLD_VIC,"Posttraumatic stress disorder, spinal cord injury, Spinal Muscular Atrophies",Female,2142010,21420,21701,217
4952,04e703e0-1367-11eb-abd4-6782691e7c70,1958-09-19,Ceil,Rosbotham,ACT_NSW_QLD_VIC,,Female,0,0,0,0
6401,ef6ed3e0-8539-11eb-a452-d11fefc8bc29,2016-01-19,Celeste,Patkin,ACT_NSW_QLD_VIC,,Female,3102737,31027,30202,302
5517,70b211d0-381c-11eb-9b21-438fb20b5807,2016-07-18,Cesar,Toquet,ACT_NSW_QLD_VIC,,Female,3124802,31248,30906,309
3662,e3f60930-dddb-11ea-9778-1b0c0628d4fc,1973-07-19,Chadd,Patzelt,NT_SA_TAS_WA,"F99-Other psychosocial disorders ",Female,0,0,0,0
6073,bccafa60-6b65-11eb-9448-b544bf2659eb,2016-09-13,Cherianne,Pauleit,NT_SA_TAS_WA,,Female,0,0,0,0
5826,f4a5edf0-59e5-11eb-8a08-618d7f597f0d,2014-02-03,Cherice,McGregor,ACT_NSW_QLD_VIC,"Attention Deficit Disorder, Ticks, Post-tramatic Stress Disorder",Female,3131608,31316,31103,311
5452,5c43bbd0-32be-11eb-ac41-05f97d00e97c,1986-08-02,Chiarra,Berrey,ACT_NSW_QLD_VIC,,Female,0,0,0,0
5882,86ce5a40-5c58-11eb-ac19-4ff498f2de6e,1979-10-31,Chic,Ghent,ACT_NSW_QLD_VIC,,Female,0,0,0,0
5587,ec7a41b0-3dcc-11eb-89a0-2f1d71e32180,2015-06-22,Chrissie,Hanrahan,ACT_NSW_QLD_VIC,,Male,0,0,0,0
2297,fae61eb0-d23b-11ea-a13a-d188ddbdc773,2016-02-25,Christiane,Phythean,ACT_NSW_QLD_VIC,,Female,3124802,31248,30906,309
2865,c430fdd0-d6d3-11ea-9cd1-f194648955a5,2015-11-15,Christie,Easom,ACT_NSW_QLD_VIC,,Male,3113010,31130,30503,305
5204,eb9afe30-1f20-11eb-8a33-f1c19f7a1887,1986-06-04,Chuck,Cuthbert,ACT_NSW_QLD_VIC,,Female,0,0,0,0
1365,f9328740-c7f3-11ea-baa6-ebfe92aca975,2007-01-07,Cilka,Garoghan,ACT_NSW_QLD_VIC,,Male,3132514,31325,31105,311
4333,7f73a110-e8f4-11ea-95c6-1ddffa748b78,1988-09-17,Clarita,Keizman,ACT_NSW_QLD_VIC,Polymyositits,Male,0,0,0,0
5076,8f3849d0-18ff-11eb-b551-af94cbbcf953,2011-08-26,Clary,Lineham,NT_SA_TAS_WA,,Male,3124802,31248,30906,309
2048,a7598630-d220-11ea-b70a-d17e589b1829,1983-08-03,Claudetta,Chantree,ACT_NSW_QLD_VIC,,Male,3130907,31309,31102,311
4293,c86bfdb0-e811-11ea-87ea-9f6761fd60c1,1963-06-01,Claus,Cardenosa,ACT_NSW_QLD_VIC,,Male,3124802,31248,30906,309
5870,58e75960-5b9a-11eb-a478-c32520cfe112,1995-11-23,Cloris,Ohrt,ACT_NSW_QLD_VIC,,Female,3102404,31024,30201,302
678,bd30a290-c7e9-11ea-80e0-3df355beb07c,1972-06-23,Collete,Craster,ACT_NSW_QLD_VIC,"Multiple Sclerosis",Female,0,0,0,0
821,bfcf9060-c7e9-11ea-80e0-3df355beb07c,2004-01-14,Concettina,Gridley,ACT_NSW_QLD_VIC,"Intellectual disability",Female,3124802,31248,30906,309
3757,f02989f0-e52b-11ea-aa27-0bababe260e0,1989-03-01,Constantina,Giorgeschi,ACT_NSW_QLD_VIC,,,2125401,21254,21101,211
2895,56921c60-d790-11ea-ab74-751e90dda543,2016-10-11,Consuelo,Bootton,NT_SA_TAS_WA,,Male,0,0,0,0
2954,b6251d00-d86a-11ea-8168-a5ce29c3a2bd,2008-09-09,Corabella,Padfield,ACT_NSW_QLD_VIC,"Learning disability , ASD Level 2 , ADHD, Anxiety",Female,3124802,31248,30906,309
5284,0f6c3850-253f-11eb-9658-eb57d8abc169,1987-07-27,Cordey,Attride,ACT_NSW_QLD_VIC,,Male,3130510,31305,31101,311
4927,97757860-11d0-11eb-81bd-c3f7a15bac31,1984-05-01,Coreen,Georgins,ACT_NSW_QLD_VIC,"Intellectual disability",Male,2110315,21103,20505,205
6304,dc3b91d0-7cad-11eb-9e0c-892eb69c0f21,1999-10-21,Corenda,Duffield,NT_SA_TAS_WA,,Male,3113713,31137,30504,305
3499,dd58f610-ddb7-11ea-a31a-7d25e47a5c0a,2002-04-24,Corenda,Scandred,ACT_NSW_QLD_VIC,,,3124802,31248,30906,309
4327,d14b2bd0-e8e9-11ea-a628-29d589aa04f8,1987-08-31,Cori,Pye,ACT_NSW_QLD_VIC,,Male,3124802,31248,30906,309
6049,921a1060-69b9-11eb-83b8-e100b72ad051,1968-06-12,Cornelia,Adnett,ACT_NSW_QLD_VIC,,Male,3124802,31248,30906,309
4482,f294c0c0-f646-11ea-b99a-ad0bd27ff3fe,1964-08-17,Corrinne,Olyonov,ACT_NSW_QLD_VIC,,Male,3132708,31327,31105,311
5393,e5aef390-2d4a-11eb-a345-05146c1a2a8a,1971-10-25,Corrinne,Rookeby,NT_SA_TAS_WA,"Post traumatic stress disorder, Anxiety, Spinal nerve damage, Depression",Male,0,0,0,0
4904,62ad92a0-0f43-11eb-9e25-27a62a7e33e8,1968-11-03,Corry,Bwy,ACT_NSW_QLD_VIC,,Female,1122115,11221,11102,111
4149,76161ea0-e781-11ea-81ad-09a1d4aac9cd,1981-12-18,Creighton,Trowel,ACT_NSW_QLD_VIC,,,0,0,0,0
4046,351301b0-e741-11ea-804b-97facb641bb5,1999-05-07,Cris,Giovanardi,ACT_NSW_QLD_VIC,"Cerebral palsy",Male,3124802,31248,30906,309
3930,04859e00-e588-11ea-b453-3de7750d4ba6,1953-03-15,Crissy,Gentiry,ACT_NSW_QLD_VIC,,Male,3112806,31128,30503,305
4793,c3d67c20-0833-11eb-b6ed-f93c3156e4a8,2006-01-09,Cristin,Bodman,NT_SA_TAS_WA,,Male,3124802,31248,30906,309
1068,f30d0ac0-c7f3-11ea-baa6-ebfe92aca975,2017-09-21,Cristina,Pride,ACT_NSW_QLD_VIC,,Female,3108708,31087,30402,304
4036,302d3bf0-e6a3-11ea-9408-6fe4d3c8fa9c,2012-11-12,Crysta,Clemmow,ACT_NSW_QLD_VIC,,,3124802,31248,30906,309
5970,c14d8530-6426-11eb-9eb3-7780fece24fc,2005-01-28,Currie,Crookston,ACT_NSW_QLD_VIC,,Male,3114614,31146,30602,306
3596,df564cb0-ddb7-11ea-a31a-7d25e47a5c0a,1954-10-13,Currie,Roxbee,ACT_NSW_QLD_VIC,,Male,0,0,0,0
991,f16aa560-c7f3-11ea-baa6-ebfe92aca975,1980-05-04,Cybill,Husher,ACT_NSW_QLD_VIC,,Female,3124802,31248,30906,309
1507,974a6010-ca5b-11ea-8df2-0fd9060b8808,2006-11-07,Cynthie,Hindenberger,ACT_NSW_QLD_VIC,"Intellectual disability",Male,3105916,31059,30302,303
3889,03a80f40-e588-11ea-b453-3de7750d4ba6,1985-12-20,Cyrus,Franssen,ACT_NSW_QLD_VIC,,Female,3110924,31109,30501,305
5557,9229cb10-3a96-11eb-8b0c-4b58119e4e03,2014-04-15,Damita,Wallworth,ACT_NSW_QLD_VIC,,Male,0,0,0,0
5450,3830a4f0-32ba-11eb-8197-b9b4a4efe74a,1975-05-27,Dannie,Kalberer,NT_SA_TAS_WA,,Female,3127334,31273,31001,310
5580,b6f467b0-3b82-11eb-ae92-13d89e59e51d,2019-01-02,Dannye,Duckham,ACT_NSW_QLD_VIC,,Male,2131420,21314,21204,212
6423,e6e0fd50-8612-11eb-9ffd-c92b23ee38cb,1999-08-05,Daphene,Bonsall,ACT_NSW_QLD_VIC,,Male,3124802,31248,30906,309
4576,b4f113c0-fd5f-11ea-bdcd-d751e48c03fc,2004-10-11,Daria,Takis,ACT_NSW_QLD_VIC,,Male,0,0,0,0
4984,ce816900-1742-11eb-b10f-93d3e78b25ef,2003-12-21,Darice,Yesipov,ACT_NSW_QLD_VIC,,Male,4106012,41060,40302,403
6391,4f1f7410-82f2-11eb-b773-6b1a463ffe65,1997-04-27,Darlene,"De Gowe",ACT_NSW_QLD_VIC,,Female,0,0,0,0
6300,bc7dbd90-7ca4-11eb-95bd-9bd58a6d6229,1983-11-05,Daune,Higbin,ACT_NSW_QLD_VIC,,Male,0,0,0,0
4974,9826d7b0-14e9-11eb-aaa3-e16e1b468e58,1956-09-05,Davin,Patience,ACT_NSW_QLD_VIC,,Female,0,0,0,0
1589,30873c40-d07d-11ea-bce4-3d766a30ca86,1973-11-22,Deanne,Chattoe,ACT_NSW_QLD_VIC,,Male,3137903,31379,31305,313
766,bed0e510-c7e9-11ea-80e0-3df355beb07c,2013-12-09,Debby,Ommundsen,ACT_NSW_QLD_VIC,,Male,3110319,31103,30404,304
1026,f22df560-c7f3-11ea-baa6-ebfe92aca975,2012-09-06,Delbert,Lampens,ACT_NSW_QLD_VIC,,Male,3124802,31248,30906,309
3083,5c1329d0-dce6-11ea-812e-09cdf4382371,1965-05-04,Deonne,Coverlyn,ACT_NSW_QLD_VIC,"Spina bifida",Female,3124802,31248,30906,309
1245,f6b5a060-c7f3-11ea-baa6-ebfe92aca975,2015-03-25,Desmond,Godfroy,ACT_NSW_QLD_VIC,"Develpmental Delay ",Female,3103803,31038,30203,302
2441,838d9fc0-d243-11ea-9818-790e5fd47e9b,2006-05-06,Dillon,Ambrosio,Remote,,Other,3131104,31311,31103,311
5435,847cf330-3045-11eb-bfb3-0db554ba3ce9,2014-09-30,Dniren,Adderley,ACT_NSW_QLD_VIC,,Male,3124802,31248,30906,309
4432,40b17a80-f167-11ea-a991-53506b6cb9f3,2017-12-05,Dominic,Pavelin,ACT_NSW_QLD_VIC,,Male,0,0,0,0
4532,8b7d5a50-f966-11ea-b6c3-1b4cf2a1e8d5,1990-04-04,Donnamarie,Gartell,ACT_NSW_QLD_VIC,,Female,3107806,31078,30306,303
5154,e03c89f0-1e21-11eb-931b-3f565ba74e99,2013-04-02,Doralyn,Cardenas,ACT_NSW_QLD_VIC,"Intellectual disability",,3124802,31248,30906,309
4862,acc7f800-0d16-11eb-8c51-dfd767159536,2017-02-02,Dorine,Fearnall,NT_SA_TAS_WA,,Female,0,0,0,0
4865,944dc400-0d19-11eb-8c51-dfd767159536,2013-07-18,Dorree,Richard,ACT_NSW_QLD_VIC,,Male,1137901,11379,11904,119
2013,a68e9510-d220-11ea-b70a-d17e589b1829,1965-05-28,Dorthea,Ranklin,Remote,,Male,3124802,31248,30906,309
6276,932d5680-7b0f-11eb-9a9b-370bc0ca63cd,2007-01-23,Dredi,Bewick,ACT_NSW_QLD_VIC,,Female,3138044,31380,31305,313
3772,f079a5c0-e52b-11ea-aa27-0bababe260e0,1973-12-27,Dru,Lascell,ACT_NSW_QLD_VIC,,,2116403,21164,20703,207
3164,5d9de880-dce6-11ea-812e-09cdf4382371,1974-03-01,Dru,"O' Donohoe",ACT_NSW_QLD_VIC,,,3108119,31081,30401,304
5817,669cb5d0-593f-11eb-8206-71a1145ebd06,2000-10-10,Duke,Whymark,ACT_NSW_QLD_VIC,,Male,3124802,31248,30906,309
4461,42951ac0-f32c-11ea-a4f9-edf38cedde99,1999-08-10,Dynah,Widdowson,ACT_NSW_QLD_VIC,,Male,3124802,31248,30906,309
3937,04ab4e70-e588-11ea-b453-3de7750d4ba6,2012-06-27,Eleanora,Glenister,ACT_NSW_QLD_VIC,,Female,0,0,0,0
1459,fb2a3890-c7f3-11ea-baa6-ebfe92aca975,1978-09-24,Eleen,Goulborne,ACT_NSW_QLD_VIC,,Male,3124802,31248,30906,309
2986,b89303b0-dc23-11ea-b990-fba3b4f89d10,1985-04-22,Elihu,Littlepage,ACT_NSW_QLD_VIC,,Male,3102737,31027,30202,302
5689,aaf3bf50-4a42-11eb-9e88-49de67b28617,1962-11-28,Elita,Gisby,ACT_NSW_QLD_VIC,"Schizoaffective disorder",Male,3106608,31066,30303,303
5448,17c11aa0-32b6-11eb-afe5-3f8a27ef120d,2016-07-04,Elke,Pepineaux,ACT_NSW_QLD_VIC,,Female,0,0,0,0
4874,163ccc90-0dbf-11eb-b6f8-f5f0f1977acc,2002-08-01,Ellery,Lockitt,ACT_NSW_QLD_VIC,Hearing,Female,3131308,31313,31103,311
4860,d26b6c50-0ced-11eb-a8cd-67f8022088cc,1976-06-10,Elly,Southall,ACT_NSW_QLD_VIC,,Female,0,0,0,0
2160,d93b2b00-d233-11ea-afee-8d56032d7889,1967-10-06,Eloisa,"Van Arsdalen",ACT_NSW_QLD_VIC,,Male,3124802,31248,30906,309
6072,0b526430-6b65-11eb-9448-b544bf2659eb,1998-01-01,Elston,Bradnocke,ACT_NSW_QLD_VIC,,Male,3104607,31046,30204,302
5687,c22abb60-4a33-11eb-a6f4-39c3ad35bc82,1993-07-24,Elvera,Ravenscraft,ACT_NSW_QLD_VIC,,Female,3124802,31248,30906,309
5341,38d37ec0-2971-11eb-9abf-a7490a41f047,2017-03-13,Elvyn,Kerwick,ACT_NSW_QLD_VIC,,Female,3106810,31068,30304,303
829,bff71590-c7e9-11ea-80e0-3df355beb07c,2010-07-14,Ema,Chattelaine,ACT_NSW_QLD_VIC,"Asperger syndrome",Male,3105204,31052,30302,303
5993,0885a330-6510-11eb-bc09-2dff07a0cd8d,2015-11-16,Emelyne,Scawen,ACT_NSW_QLD_VIC,,Male,3131720,31317,31103,311
3986,05b28540-e588-11ea-b453-3de7750d4ba6,1955-06-25,Emilee,Styant,NT_SA_TAS_WA,"Alzheimer's dementia",Female,0,0,0,0
1578,8692a9c0-cfcf-11ea-b2c4-d14da6dbbdae,1983-04-11,Emilie,Oleshunin,ACT_NSW_QLD_VIC,,Female,3124802,31248,30906,309
2280,fa805800-d23b-11ea-a13a-d188ddbdc773,1954-08-28,Emmett,Gherardini,ACT_NSW_QLD_VIC,,Female,3124802,31248,30906,309
393,dea880d0-c179-11ea-8a11-397bdc21f5a9,2000-07-25,Engracia,Januszewicz,ACT_NSW_QLD_VIC,,Female,3124802,31248,30906,309
6563,5d23e080-9122-11eb-8b4c-dbd09b1e90d1,2013-06-03,Enrichetta,Ranner,ACT_NSW_QLD_VIC,,Female,3127349,31273,31001,310
2221,af0eb680-d238-11ea-aed8-25028c760942,2005-07-23,Enrique,Angeli,ACT_NSW_QLD_VIC,,Male,3124802,31248,30906,309
2894,61e48260-d781-11ea-a6ba-e5f02cc0efa6,2015-08-14,Ernesto,Tertre,ACT_NSW_QLD_VIC,,Male,2110305,21103,20505,205
1798,aebfcba0-d216-11ea-bb54-b308798eda15,2013-11-27,Ethelyn,Tybalt,NT_SA_TAS_WA,,Male,3112701,31127,30503,305
3818,f1703ac0-e52b-11ea-aa27-0bababe260e0,1964-02-02,Etienne,Mattiazzo,ACT_NSW_QLD_VIC,,Male,3124802,31248,30906,309
2818,c34c1c10-d6d3-11ea-9cd1-f194648955a5,1962-08-28,Euell,Cuerda,ACT_NSW_QLD_VIC,,Male,0,0,0,0
4715,397d4200-020e-11eb-9c11-c9cacbae4cb9,1980-10-11,Eugenia,Ginty,ACT_NSW_QLD_VIC,,Female,3154818,31548,31607,316
6327,ab96a3f0-7fd5-11eb-87a2-630907886f11,1997-01-19,Eugenie,Gounod,ACT_NSW_QLD_VIC,,Male,3147316,31473,31802,318
6165,d292acb0-71b1-11eb-b026-e12b1cc2bd3c,2005-10-03,Euphemia,Allward,ACT_NSW_QLD_VIC,,Male,3137545,31375,31304,313
5660,cdbff440-4425-11eb-8d20-9155f92e04ec,1964-11-28,Evelin,Aloshikin,NT_SA_TAS_WA,,Female,3124802,31248,30906,309
6408,7f89a1a0-8556-11eb-91cd-31fb5d3654a5,1956-05-25,Evelin,Brouncker,ACT_NSW_QLD_VIC,"Multiple Sclerosis",Female,3124802,31248,30906,309
5351,c1d3b7a0-29fb-11eb-9805-c5d65d242b10,2006-12-15,Evelin,Reinert,NT_SA_TAS_WA,,Male,0,0,0,0
6096,5386fea0-6cd2-11eb-bc5f-03327ff25b79,2014-01-04,Evyn,Kareman,ACT_NSW_QLD_VIC,,Male,3153518,31535,30805,308
5888,9e33acf0-5c83-11eb-bb03-4568d9e0c5ec,2011-04-12,Ewan,Willcott,ACT_NSW_QLD_VIC,,Male,0,0,0,0
6406,450a70e0-8542-11eb-8b5b-67b2305449bf,1989-03-14,Ezra,Hounsham,ACT_NSW_QLD_VIC,,Female,3138934,31389,31402,314
5143,e006fb00-1e21-11eb-931b-3f565ba74e99,2000-07-16,Faber,Zambonini,ACT_NSW_QLD_VIC,,,3124802,31248,30906,309
4781,589c5820-069f-11eb-a905-e14c0338e1e6,2014-04-30,Faith,Chinnock,ACT_NSW_QLD_VIC,,Male,3124802,31248,30906,309
1237,f68c4670-c7f3-11ea-baa6-ebfe92aca975,1970-09-15,Falito,Gull,ACT_NSW_QLD_VIC,,Female,3124802,31248,30906,309
769,bedf6400-c7e9-11ea-80e0-3df355beb07c,2006-10-17,Fania,Orrick,ACT_NSW_QLD_VIC,,Male,3124802,31248,30906,309
6482,c4ce2310-8acb-11eb-96d6-db7b8810b788,1965-02-05,Farah,Josefson,ACT_NSW_QLD_VIC,,Female,3124802,31248,30906,309
5761,c0a5eab0-54a8-11eb-b4d6-493744ed757b,1975-09-30,Farand,Seater,ACT_NSW_QLD_VIC,Schizophrenia,Male,3152218,31522,31905,319
1852,afc506a0-d216-11ea-bb54-b308798eda15,1964-07-13,Fayette,Calam,ACT_NSW_QLD_VIC,"Spina bifida",Female,3113507,31135,30504,305
615,bc034620-c7e9-11ea-80e0-3df355beb07c,2009-04-28,Felicle,Checchi,ACT_NSW_QLD_VIC,,Male,3124802,31248,30906,309
3209,d2a93360-dcef-11ea-a5ac-61abce895864,1986-11-30,Fenelia,Longega,ACT_NSW_QLD_VIC,"Down syndrome",Female,3124802,31248,30906,309
5541,83d6dce0-39c1-11eb-bbff-339b122a3a44,1991-11-19,Ferdie,Soall,ACT_NSW_QLD_VIC,Epilepsy,Male,3124802,31248,30906,309
5562,2e903010-3a9d-11eb-ab42-316baa4ce1b6,1979-06-15,Fidelia,Dysert,ACT_NSW_QLD_VIC,Schizophrenia,Female,3124802,31248,30906,309
651,bcac5760-c7e9-11ea-80e0-3df355beb07c,1962-10-26,Fidelia,Spellesy,ACT_NSW_QLD_VIC,,Female,3104140,31041,30204,302
6101,a9241a10-6d0d-11eb-be72-af35bcec2559,1958-01-01,Fields,Lathom,ACT_NSW_QLD_VIC,,Male,3124802,31248,30906,309
4573,59befd30-fd3e-11ea-9cd2-d9f3d868584d,2019-03-04,Florenza,Lebond,ACT_NSW_QLD_VIC,,Female,3124802,31248,30906,309
6118,2bad2b80-6f2e-11eb-9f11-af23c6cea2bd,1963-09-01,Flory,Domerque,ACT_NSW_QLD_VIC,,Male,3153405,31534,30805,308
4782,08ba8c70-06b6-11eb-a4d8-1562a6db295b,1968-01-19,Forrest,Makiver,ACT_NSW_QLD_VIC,,Female,3131930,31319,31103,311
6213,5c8a8d50-75b0-11eb-aa64-87adfb296934,1975-01-10,Forster,Burgne,ACT_NSW_QLD_VIC,"Anxiety , Mitochondrial myopathy, Depression , Immune deficiency",Female,0,0,0,0
2199,ae8d5180-d238-11ea-aed8-25028c760942,2014-11-22,Fowler,Stellman,ACT_NSW_QLD_VIC,,Male,3124802,31248,30906,309
3041,5b42ba70-dce6-11ea-812e-09cdf4382371,1964-12-30,Francis,Niece,ACT_NSW_QLD_VIC,,Female,3132609,31326,31105,311
2149,d8fbff20-d233-11ea-afee-8d56032d7889,2005-03-19,Francoise,Waud,ACT_NSW_QLD_VIC,,Female,3105614,31056,30302,303
831,c0008b70-c7e9-11ea-80e0-3df355beb07c,1994-07-28,Franni,Binyon,ACT_NSW_QLD_VIC,,Male,3124802,31248,30906,309
5485,b0e2eeb0-34fb-11eb-b416-41f2259d6f7f,1967-02-22,Frazier,Dargan,NT_SA_TAS_WA,"Spinal injury",Female,0,0,0,0
1240,f69b3a90-c7f3-11ea-baa6-ebfe92aca975,1998-07-16,Freda,Timson,NT_SA_TAS_WA,,Female,3124802,31248,30906,309
6078,bb32c6d0-6b68-11eb-8efa-f711798f56e8,1961-01-29,Freddy,Hullbrook,ACT_NSW_QLD_VIC,,Male,3124802,31248,30906,309
5959,63d76810-6202-11eb-83aa-a3e2b189ee95,2015-05-07,Fredek,Galpen,ACT_NSW_QLD_VIC,,Male,0,0,0,0
6492,25df6040-8b9b-11eb-b56e-15b05d5b3cbe,2016-07-04,Fredek,Poleye,ACT_NSW_QLD_VIC,,Male,3154406,31544,31605,316
4555,ba2d0ac0-fc87-11ea-b2df-9f29a8e91557,1999-05-10,Frederic,Caddies,ACT_NSW_QLD_VIC,,Female,2147914,21479,21704,217
4799,6b99d600-084d-11eb-a105-3309fc91d340,1958-02-28,Fredericka,Gennings,ACT_NSW_QLD_VIC,,Female,3124802,31248,30906,309
2809,c3213b80-d6d3-11ea-9cd1-f194648955a5,1955-06-08,Fulton,Stott,ACT_NSW_QLD_VIC,"Acquired Brain Injury",Male,3124802,31248,30906,309
6574,e6640bc0-91b0-11eb-8686-453215390563,1998-06-12,Gabbie,Lower,ACT_NSW_QLD_VIC,"Acquired Brain Injury",Female,0,0,0,0
1973,61794970-d21b-11ea-b617-61a96cd5c136,1969-08-20,Gabriell,Sotham,ACT_NSW_QLD_VIC,"Hearing Impairment",Male,0,0,0,0
2253,afc4e720-d238-11ea-aed8-25028c760942,2008-06-08,Gabriellia,Sharrock,ACT_NSW_QLD_VIC,,Female,3124802,31248,30906,309
4401,323e3770-ee3f-11ea-ae19-51f851037fe0,1976-04-11,Galvin,Walster,ACT_NSW_QLD_VIC,"Permanent bilateral hearning loss",Female,3130805,31308,31102,311
5955,2985a790-61fc-11eb-906d-b79e0128aa0c,1978-12-02,Garvey,Taveriner,ACT_NSW_QLD_VIC,,Male,3138602,31386,31401,314
5057,f286c760-180e-11eb-9461-2df70642d72c,2008-09-02,Garvin,Curnokk,ACT_NSW_QLD_VIC,,Male,3124802,31248,30906,309
4417,ea3cf490-f15c-11ea-bced-7f2ed6dc2008,1975-03-10,Garwood,"O' Bee",ACT_NSW_QLD_VIC,,Female,0,0,0,0
6037,e607c490-6777-11eb-9e6b-4dc7503ba842,2008-12-01,Gary,Rawle,ACT_NSW_QLD_VIC,,Female,3124802,31248,30906,309
768,bedaf730-c7e9-11ea-80e0-3df355beb07c,2003-01-23,Gauthier,Clemerson,ACT_NSW_QLD_VIC,,Male,1122020,11220,11102,111
6272,e1212d80-7afb-11eb-9ce8-ddd10fbb5806,2000-05-22,Gavra,Deveraux,ACT_NSW_QLD_VIC,,Male,1156709,11567,11802,118
3893,03be0840-e588-11ea-b453-3de7750d4ba6,1973-06-10,Gay,Hawkins,ACT_NSW_QLD_VIC,,Male,3124802,31248,30906,309
2260,afeba900-d238-11ea-aed8-25028c760942,1967-01-30,Gaye,Tommasi,ACT_NSW_QLD_VIC,,Male,3100933,31009,30102,301
4097,531f8f90-e762-11ea-87b5-2d26e519b5b2,1989-02-07,Gelya,Rozanski,ACT_NSW_QLD_VIC,"Intellectual disability, Cerebral palsy",Male,3154016,31540,30909,309
5548,76d219e0-39fa-11eb-8125-85919dee082c,2017-04-24,Gene,Antos,ACT_NSW_QLD_VIC,,Male,0,0,0,0
3333,d531b300-dcef-11ea-a5ac-61abce895864,1999-09-04,Genni,Stowgill,NT_SA_TAS_WA,,Male,3124802,31248,30906,309
5865,81eb1680-5aff-11eb-bde5-3fd8fa4a8dc6,2013-10-28,Georg,Shade,ACT_NSW_QLD_VIC,,Female,3124802,31248,30906,309
1199,f5c796e0-c7f3-11ea-baa6-ebfe92aca975,2003-12-23,Gerhard,McCoughan,NT_SA_TAS_WA,,Female,3105506,31055,30302,303
2317,fb538680-d23b-11ea-a13a-d188ddbdc773,1975-02-02,Germaine,Deards,ACT_NSW_QLD_VIC,,Female,3124802,31248,30906,309
2748,f032dc40-d526-11ea-bfb6-3988ff98ad06,2002-10-24,Gerrard,Beake,ACT_NSW_QLD_VIC,,Female,3124802,31248,30906,309
4798,c9501450-084b-11eb-adba-f152f4b06825,2016-01-21,Gherardo,Salterne,ACT_NSW_QLD_VIC,,Male,3124802,31248,30906,309
5762,bb9e1dc0-54a9-11eb-863e-13f6658e004b,2016-08-06,Giffie,Sjollema,ACT_NSW_QLD_VIC,,Male,0,0,0,0
3346,d576ab40-dcef-11ea-a5ac-61abce895864,2017-12-15,Gil,Inkles,ACT_NSW_QLD_VIC,,Male,1125029,11250,11203,112
5199,3ff97000-1f18-11eb-9f3f-ab4a437d2c9f,1959-04-21,Gilberta,Farbrother,ACT_NSW_QLD_VIC,,Male,3124802,31248,30906,309
3813,f155ade0-e52b-11ea-aa27-0bababe260e0,1956-01-12,Gillie,Burnes,ACT_NSW_QLD_VIC,"Vision Impaired",Male,0,0,0,0
6305,243c6170-7caf-11eb-8208-a75feec9c361,1982-03-20,Giraud,Norway,ACT_NSW_QLD_VIC,,Female,3124802,31248,30906,309
6069,672e69b0-6ab2-11eb-8c9f-83f9758f99e9,2002-10-28,Gradey,Frankcomb,NT_SA_TAS_WA,,Female,0,0,0,0
6061,3653b3f0-6aa7-11eb-9792-01f7652908a8,2016-01-27,Grantley,Tantum,ACT_NSW_QLD_VIC,,Male,0,0,0,0
5151,e02dbce0-1e21-11eb-931b-3f565ba74e99,2019-10-04,Grayce,Leivers,ACT_NSW_QLD_VIC,,Male,3124802,31248,30906,309
534,5f23bff0-c7c3-11ea-82b2-072f910b270d,1975-10-24,Greg,Heintsch,ACT_NSW_QLD_VIC,,Male,3124802,31248,30906,309
3906,04059890-e588-11ea-b453-3de7750d4ba6,1991-08-22,Gretel,Moreno,ACT_NSW_QLD_VIC,"Cerebral palsy",Female,3124802,31248,30906,309
5256,82e43a60-2316-11eb-955a-47689a88f308,1985-03-03,Griff,Bruckstein,ACT_NSW_QLD_VIC,,Female,3127510,31275,31001,310
4157,76412640-e781-11ea-81ad-09a1d4aac9cd,2012-10-21,Gunther,Tansley,ACT_NSW_QLD_VIC,"Autism Spectrum, Level 2",Male,0,0,0,0
3717,200e6230-e36f-11ea-b510-77f668461721,2015-08-28,Hakim,Ghelerdini,NT_SA_TAS_WA,,Male,2122327,21223,20904,209
5303,51dfc770-257a-11eb-aec6-cd4761ef6fed,2014-08-14,Haleigh,Clinton,ACT_NSW_QLD_VIC,,Male,0,0,0,0
3969,0558f390-e588-11ea-b453-3de7750d4ba6,1955-04-27,Hali,Brislane,ACT_NSW_QLD_VIC,"Stroke, Kleinsfeld syndrome, occasional",Male,7102006,71020,70102,701
6355,c9fe9a20-8168-11eb-860c-dda35a0f8b4e,1984-07-04,Hall,Malden,NT_SA_TAS_WA,,Male,0,0,0,0
2892,9188bec0-d6ee-11ea-9f71-69e49e2fdc34,2013-03-14,Harrie,Whitehorne,ACT_NSW_QLD_VIC,,Male,3124802,31248,30906,309
6313,0ebd9410-7d6b-11eb-9cfb-95483b3aa23d,2012-04-18,Hartley,Farnall,ACT_NSW_QLD_VIC,,Female,0,0,0,0
4266,c7d5ff40-e811-11ea-87ea-9f6761fd60c1,1978-08-06,Harwell,Densun,ACT_NSW_QLD_VIC,"Vision Impaired",,0,0,0,0
2698,b333f7c0-d50d-11ea-8224-836b70d82925,1974-10-07,Hashim,Patel,ACT_NSW_QLD_VIC,,Male,3124802,31248,30906,309
1389,f9b069d0-c7f3-11ea-baa6-ebfe92aca975,2012-09-03,Haydon,Alforde,ACT_NSW_QLD_VIC,,Female,3127210,31272,31001,310
5163,e06dfa30-1e21-11eb-931b-3f565ba74e99,2006-10-23,Heddie,Humbles,ACT_NSW_QLD_VIC,,Male,0,0,0,0
1541,e6428120-cc8b-11ea-a082-410c4035b0da,1997-09-27,Heidi,Haresign,ACT_NSW_QLD_VIC,,Male,3109007,31090,30402,304
4300,c8941f20-e811-11ea-87ea-9f6761fd60c1,1964-01-04,Henry,Dimic,ACT_NSW_QLD_VIC,,Female,3131809,31318,31103,311
4454,fdae5610-f25e-11ea-8d59-09882845366b,1967-01-29,Hephzibah,Nelhams,ACT_NSW_QLD_VIC,"Posterior cortical atrophy",Male,3124802,31248,30906,309
557,c4032f50-c7e6-11ea-bd70-2bdba120f26c,2012-03-25,Hew,Opy,ACT_NSW_QLD_VIC,"Autism spectrum disorder (ASD)",Male,3138824,31388,31402,314
4480,8f2d8190-f3f6-11ea-b4b1-b16848150c7f,2015-06-08,Hillary,Excell,ACT_NSW_QLD_VIC,,Female,0,0,0,0
4876,aa119510-0ddb-11eb-9e84-f995f1fe23b6,1981-10-16,Hilliard,Gercke,ACT_NSW_QLD_VIC,,Female,0,0,0,0
5693,4bbd3230-4e2c-11eb-9660-09e7569e24a6,1982-06-17,Hillie,Flett,ACT_NSW_QLD_VIC,,Male,2134246,21342,21302,213
3714,ef166e00-e343-11ea-bcc6-f949a26e2f3d,1975-04-25,Hollie,Sworder,ACT_NSW_QLD_VIC,Fibromyalgia,Female,1117104,11171,10805,108
4305,81953150-e81f-11ea-a4c2-8be076de8aef,2014-08-22,Horacio,Spearett,ACT_NSW_QLD_VIC,,Male,3124802,31248,30906,309
5577,735640d0-3b7f-11eb-88cd-bd59970da0db,2017-08-26,Husain,Ranfield,ACT_NSW_QLD_VIC,,Male,3124802,31248,30906,309
3850,f21b47d0-e52b-11ea-aa27-0bababe260e0,1957-03-19,Ian,Pratty,ACT_NSW_QLD_VIC,,,0,0,0,0
4117,55b4b960-e762-11ea-87b5-2d26e519b5b2,2004-09-09,Iggie,Doble,ACT_NSW_QLD_VIC,"ADHD, Autism spectrum disorder (ASD), Intellectual impairment",Male,0,0,0,0
2951,160e30f0-d855-11ea-b555-63323232e171,1959-04-25,Ilyssa,Croix,ACT_NSW_QLD_VIC,,Male,3124802,31248,30906,309
4077,35cc3f90-e741-11ea-804b-97facb641bb5,1989-12-20,Inessa,Granger,ACT_NSW_QLD_VIC,,Male,3124802,31248,30906,309
2925,87e2fc70-d7af-11ea-81b3-1df6f3311a57,1976-03-26,Inez,Walpole,ACT_NSW_QLD_VIC,,Female,0,0,0,0
3226,d3038860-dcef-11ea-a5ac-61abce895864,2014-12-29,Ingar,Silberschatz,ACT_NSW_QLD_VIC,,,3100140,31001,30101,301
3939,04b73550-e588-11ea-b453-3de7750d4ba6,1963-06-23,Ingrid,MacPaden,ACT_NSW_QLD_VIC,,Male,3124802,31248,30906,309
2118,d847a340-d233-11ea-afee-8d56032d7889,2015-02-19,Ingunna,Millier,ACT_NSW_QLD_VIC,,Male,3124802,31248,30906,309
6056,35324c30-69e8-11eb-a823-91ab6138d054,1999-10-05,Jacintha,Jonathon,ACT_NSW_QLD_VIC,,Female,0,0,0,0
873,c0c2f110-c7e9-11ea-80e0-3df355beb07c,2011-04-02,Jacquelynn,Oxx,ACT_NSW_QLD_VIC,,Male,0,0,0,0
4018,3f019cd0-e5d0-11ea-9929-d31a2c515f04,2011-10-04,Jacquetta,Nott,ACT_NSW_QLD_VIC,,,2130412,21304,21203,212
4165,76674be0-e781-11ea-81ad-09a1d4aac9cd,2012-03-01,Jade,Arro,ACT_NSW_QLD_VIC,,Female,3124427,31244,30905,309
3605,df8524e0-ddb7-11ea-a31a-7d25e47a5c0a,2016-08-16,Jakob,Eversfield,ACT_NSW_QLD_VIC,,Male,0,0,0,0
6328,a93517d0-7fd6-11eb-b2be-23e7241a7db0,1988-04-21,Jamaal,Girkins,VeryRemote,,Male,3136530,31365,31302,313
3391,d65f5d90-dcef-11ea-a5ac-61abce895864,1979-02-13,Jamaal,Seine,ACT_NSW_QLD_VIC,,Male,3106318,31063,30303,303
4429,ad3d8d50-f163-11ea-bced-7f2ed6dc2008,2002-03-02,Jamima,Welband,ACT_NSW_QLD_VIC,,,3116004,31160,30603,306
5132,dfd00c80-1e21-11eb-931b-3f565ba74e99,1986-07-18,Janeen,Brabben,ACT_NSW_QLD_VIC,"Vision Impaired, Hemianopia",Female,3124802,31248,30906,309
1166,f51780c0-c7f3-11ea-baa6-ebfe92aca975,1995-04-05,Janeen,Nowill,ACT_NSW_QLD_VIC,,Female,3124802,31248,30906,309
1339,f8a9f650-c7f3-11ea-baa6-ebfe92aca975,2007-04-23,Janene,Saylor,ACT_NSW_QLD_VIC,"Autism ",Female,3124802,31248,30906,309
1046,f2991340-c7f3-11ea-baa6-ebfe92aca975,2008-04-13,Janis,Cannan,ACT_NSW_QLD_VIC,ADHD,Male,0,0,0,0
5754,ac556540-53d1-11eb-afb7-5f1061b1591f,1978-04-11,Janith,Wreford,ACT_NSW_QLD_VIC,,Female,2138416,21384,21402,214
4426,a0308ec0-f161-11ea-bced-7f2ed6dc2008,1982-03-14,Jaquith,Sprade,ACT_NSW_QLD_VIC,,Male,3116004,31160,30603,306
5746,e2a9bc30-5391-11eb-bd6f-a1163d2784d4,1974-08-06,Jasmin,Chastenet,ACT_NSW_QLD_VIC,"Schizophrenia, Epilepsy",Female,2146512,21465,21305,213
4773,a9045940-0463-11eb-9e75-4df2109b9643,2018-02-12,Jaynell,Keher,ACT_NSW_QLD_VIC,,Male,3124802,31248,30906,309
1953,611334a0-d21b-11ea-b617-61a96cd5c136,1980-11-29,Jayson,Faas,ACT_NSW_QLD_VIC,,,3124802,31248,30906,309
3514,dda80070-ddb7-11ea-a31a-7d25e47a5c0a,2007-09-25,Jeanie,Callender,ACT_NSW_QLD_VIC,,Male,3124802,31248,30906,309
228,dba61640-c179-11ea-8a11-397bdc21f5a9,2013-06-26,Jeff,Fontell,ACT_NSW_QLD_VIC,,,3124802,31248,30906,309
4906,a757c6c0-0f50-11eb-9c4b-87097b64b8b9,1976-12-10,Jenda,Imesson,ACT_NSW_QLD_VIC,,Male,0,0,0,0
6221,e78e7d40-766d-11eb-82a4-e3ee4c55f662,2012-09-05,Jenn,Aucoate,ACT_NSW_QLD_VIC,,Male,3124802,31248,30906,309
1668,e8928830-d208-11ea-a272-f7bc49fb354a,1998-02-17,Jereme,Haill,Remote,,Female,3101604,31016,30103,301
3971,0563f010-e588-11ea-b453-3de7750d4ba6,2008-11-19,Jesselyn,Munkton,ACT_NSW_QLD_VIC,"ADD, ADHD",Male,0,0,0,0
5529,e672f7a0-3852-11eb-bf0a-3334bc420841,1991-10-17,Jillayne,Fairweather,NT_SA_TAS_WA,"Intellectual disability",Male,3127334,31273,31001,310
6212,ecb164a0-75ae-11eb-84f8-05fb8ac29b48,2017-08-31,Jilleen,Tickle,NT_SA_TAS_WA,,Male,3107529,31075,30305,303
767,bed66350-c7e9-11ea-80e0-3df355beb07c,1953-05-06,Jimmy,Swynfen,ACT_NSW_QLD_VIC,,Female,3110319,31103,30404,304
5279,fb8c5550-2533-11eb-bb8b-6590124f5b42,1976-12-30,Joannes,Libri,ACT_NSW_QLD_VIC,,Female,3124802,31248,30906,309
2595,b148f0a0-d50d-11ea-8224-836b70d82925,1954-01-16,Jocelyn,Gerrie,NT_SA_TAS_WA,,Male,0,0,0,0
5443,543b5c70-3077-11eb-af87-bd512a22d6b3,1979-07-14,Jodie,McVicker,ACT_NSW_QLD_VIC,"Hearing Impairment",Male,3124802,31248,30906,309
5708,6e337500-4f0c-11eb-ae71-013e5601f65f,2008-07-02,Joeann,Battyll,ACT_NSW_QLD_VIC,,Female,0,0,0,0
5326,bc6dd890-28b1-11eb-8182-1b91197262f2,2011-04-08,Jonah,Kemmet,NT_SA_TAS_WA,,Male,1139855,11398,12101,121
3796,f0f76140-e52b-11ea-aa27-0bababe260e0,1960-06-27,Jorrie,Preshaw,ACT_NSW_QLD_VIC,,Male,2124029,21240,21004,210
6172,b5b984f0-7270-11eb-bbaa-fd55cfd84aed,1983-04-15,Joye,Ryam,ACT_NSW_QLD_VIC,,Male,3124802,31248,30906,309
5172,e09aaf80-1e21-11eb-931b-3f565ba74e99,1970-07-07,Julee,Scrivens,ACT_NSW_QLD_VIC,"Motor neuron disease, Type 1 Diabetes",Female,3141408,31414,31601,316
6277,797bc910-7b14-11eb-b180-4b43deb09f99,2016-01-16,Julie,Broadway,ACT_NSW_QLD_VIC,,Male,3138044,31380,31305,313
5344,46936740-29ef-11eb-9fa3-8ba77cfb6708,2009-08-26,Julina,Abad,ACT_NSW_QLD_VIC,,Male,3132015,31320,31104,311
1096,f3a3a570-c7f3-11ea-baa6-ebfe92aca975,1994-08-20,Junie,Semon,ACT_NSW_QLD_VIC,,Male,3124802,31248,30906,309
4125,566dd030-e762-11ea-87b5-2d26e519b5b2,2014-05-16,Kacey,Arnaut,ACT_NSW_QLD_VIC,"Microcephaly, Quadriplegia, Cerebral palsy, Epilepsy",Female,0,0,0,0
2665,b2991750-d50d-11ea-8224-836b70d82925,2001-07-04,Kaitlyn,Pitford,ACT_NSW_QLD_VIC,,Male,3133719,31337,31201,312
4753,907eba10-02e6-11eb-a757-470faab250b6,1953-10-19,Kara,Woodrough,ACT_NSW_QLD_VIC,,Male,3105607,31056,30302,303
1241,f6a06ab0-c7f3-11ea-baa6-ebfe92aca975,2010-01-18,Karena,Firth,ACT_NSW_QLD_VIC,,Male,3124802,31248,30906,309
3805,f12c2ce0-e52b-11ea-aa27-0bababe260e0,1954-08-14,Kassey,Elan,ACT_NSW_QLD_VIC,"Vision Impaired",Female,3117014,31170,30605,306
4410,796533f0-f0d4-11ea-aafd-c135c73ae3aa,1956-06-04,Katherina,Stickens,ACT_NSW_QLD_VIC,,Female,3110120,31101,30404,304
4867,290bb2d0-0d1c-11eb-8c51-dfd767159536,1998-02-20,Katine,Ellerington,ACT_NSW_QLD_VIC,,Male,0,0,0,0
5198,e8164540-1f15-11eb-82fe-c3ce546fc48a,2017-05-26,Kaylil,Parkeson,ACT_NSW_QLD_VIC,,Male,3138047,31380,31305,313
4475,7bc1b8f0-f3f2-11ea-b4b1-b16848150c7f,2017-04-25,Kelly,Gimlet,ACT_NSW_QLD_VIC,,Male,3105603,31056,30302,303
3848,f2110ea0-e52b-11ea-aa27-0bababe260e0,1958-12-17,Kendal,Beels,ACT_NSW_QLD_VIC,,Female,0,0,0,0
3459,d7b2b890-dcef-11ea-a5ac-61abce895864,1966-08-27,Kenneth,Lerven,ACT_NSW_QLD_VIC,,Male,1141533,11415,12104,121
5828,d57a7830-59e8-11eb-836b-e77e08ffa3f7,2012-11-12,Killie,Labbati,ACT_NSW_QLD_VIC,,Female,3110107,31101,30404,304
3151,5d610690-dce6-11ea-812e-09cdf4382371,2000-06-15,King,Gilkes,ACT_NSW_QLD_VIC,,,3111505,31115,30502,305
5682,0154dd20-4593-11eb-8ddb-c725f113a560,1956-01-01,Kinna,Kinnin,ACT_NSW_QLD_VIC,,Male,0,0,0,0
5224,24a66cc0-217c-11eb-877a-23fa1f9e5859,1982-12-18,Kinny,Cribbott,ACT_NSW_QLD_VIC,"Intellectual disability",,3124802,31248,30906,309
6447,b38c5680-877e-11eb-b48f-0de2f4b73883,2016-06-03,Kitty,Lowndes,ACT_NSW_QLD_VIC,,Male,0,0,0,0
5316,168117b0-27cd-11eb-b4bb-9372728ea0d6,1976-10-08,Kleon,Baldree,ACT_NSW_QLD_VIC,,Male,2127312,21273,21104,211
1008,f1c87cd0-c7f3-11ea-baa6-ebfe92aca975,1983-09-07,Koenraad,Higgan,NT_SA_TAS_WA,,Male,3124802,31248,30906,309
4187,9c6d8ac0-e786-11ea-973c-bf41324305ed,2004-09-05,Koo,Bassham,ACT_NSW_QLD_VIC,,,2138509,21385,21402,214
4388,85fe71e0-ed90-11ea-850c-d1872c338394,1959-12-02,Kora,Casero,ACT_NSW_QLD_VIC,,Male,3131208,31312,31103,311
2820,c3556ae0-d6d3-11ea-9cd1-f194648955a5,1960-03-02,Krista,Waylett,ACT_NSW_QLD_VIC,,Female,2130041,21300,21203,212
3910,041ace40-e588-11ea-b453-3de7750d4ba6,2006-04-05,Ky,Lathbury,ACT_NSW_QLD_VIC,,,3111206,31112,30501,305
4094,52c20640-e762-11ea-87b5-2d26e519b5b2,1963-03-07,Kylie,Comi,ACT_NSW_QLD_VIC,,Female,1105811,11058,10301,103
6071,3429c6b0-6ab5-11eb-acd0-3fc943886337,2013-09-07,Lamar,Neno,ACT_NSW_QLD_VIC,,Male,0,0,0,0
2495,af6822b0-d50d-11ea-8224-836b70d82925,1969-01-17,Lana,Labrenz,ACT_NSW_QLD_VIC,"Psychosocial, Anxiety , Dissociative Identity Disorder, Complex PTSD, Depression",Female,3124802,31248,30906,309
1025,f228ec50-c7f3-11ea-baa6-ebfe92aca975,2013-09-23,Lanie,Poynter,ACT_NSW_QLD_VIC,,Male,0,0,0,0
3825,f1980e10-e52b-11ea-aa27-0bababe260e0,1998-10-04,Larry,Troni,ACT_NSW_QLD_VIC,,Female,0,0,0,0
2075,a7f948a0-d220-11ea-b70a-d17e589b1829,2008-02-02,Laurens,Heiner,ACT_NSW_QLD_VIC,,,3124802,31248,30906,309
5753,cbb09300-53cd-11eb-9588-51ce736e9143,1965-03-25,Lauretta,Maris,ACT_NSW_QLD_VIC,,Female,3124802,31248,30906,309
3040,5b3dff80-dce6-11ea-812e-09cdf4382371,1965-11-05,Layney,Crossland,ACT_NSW_QLD_VIC,Epilepsy,Female,3124802,31248,30906,309
3252,d388e500-dcef-11ea-a5ac-61abce895864,2015-02-14,Leda,Rutherforth,ACT_NSW_QLD_VIC,,,3105505,31055,30302,303
1136,f477e560-c7f3-11ea-baa6-ebfe92aca975,2018-10-20,Lek,Birdsey,ACT_NSW_QLD_VIC,,Male,3124802,31248,30906,309
4859,03510a70-0cec-11eb-a8cd-67f8022088cc,2005-09-07,Lemuel,Rimell,ACT_NSW_QLD_VIC,,Female,0,0,0,0
6053,2aa3d7a0-69e5-11eb-813c-bff1e460fe68,1999-08-09,Lenette,Espinet,ACT_NSW_QLD_VIC,,Female,0,0,0,0
327,dd733520-c179-11ea-8a11-397bdc21f5a9,2005-06-09,Leonora,Coverlyn,NT_SA_TAS_WA,,Male,0,0,0,0
5670,2caccd90-4573-11eb-9fe1-65f5e84627bd,2007-03-03,Lesya,Curtayne,ACT_NSW_QLD_VIC,,Male,3101819,31018,30103,301
2855,c3ff6680-d6d3-11ea-9cd1-f194648955a5,1994-01-01,Lethia,Fardon,ACT_NSW_QLD_VIC,,Male,3145303,31453,31701,317
4833,5a853620-09f1-11eb-b7e6-5f90c3a4b38d,1954-06-20,Levy,Salle,ACT_NSW_QLD_VIC,"Depression, Acquired Brain Injury,",Female,3131308,31313,31103,311
3005,c8ebf1f0-dc72-11ea-bd81-13c3c5a9034c,1996-04-19,Lianna,Satcher,ACT_NSW_QLD_VIC,,Male,3124802,31248,30906,309
4397,6600fef0-edbb-11ea-af34-09149db4ece0,2016-03-18,Lib,Brou,ACT_NSW_QLD_VIC,,Female,0,0,0,0
5850,f524e970-5acb-11eb-9457-3f08cb563aa4,2006-06-23,Lida,Pagen,ACT_NSW_QLD_VIC,,Female,3143919,31439,31606,316
3416,d6daa810-dcef-11ea-a5ac-61abce895864,1985-05-17,Lief,Hadlington,ACT_NSW_QLD_VIC,,Male,3124802,31248,30906,309
3260,d3b04320-dcef-11ea-a5ac-61abce895864,1990-09-21,Linda,Bagwell,ACT_NSW_QLD_VIC,,Male,3110908,31109,30501,305
3223,d2f3f800-dcef-11ea-a5ac-61abce895864,1993-11-17,Lindsey,Beneix,ACT_NSW_QLD_VIC,,Male,3132729,31327,31105,311
4318,fbb77ed0-e83c-11ea-9c00-fdbd50494aab,1967-06-15,Linette,Forryan,ACT_NSW_QLD_VIC,"Parkinson's disease",Male,0,0,0,0
5188,3e71b310-1e5e-11eb-82d5-3f84fc21ac92,1972-02-14,Link,Moiser,ACT_NSW_QLD_VIC,,Female,3100929,31009,30102,301
6310,9ec8f1f0-7d5a-11eb-9b81-27c2fcf45db6,2018-05-19,Lion,Boutell,ACT_NSW_QLD_VIC,,Male,2134505,21345,21302,213
1727,63a396c0-d20b-11ea-ae84-0545f282cdcb,1971-08-01,Lisa,Leonard,ACT_NSW_QLD_VIC,,,3124802,31248,30906,309
3816,f1656550-e52b-11ea-aa27-0bababe260e0,1977-02-03,Liva,Bixley,ACT_NSW_QLD_VIC,,Female,0,0,0,0
6005,7de35c50-65f4-11eb-8b55-bdb72943eb2b,1980-01-05,Llewellyn,Meakin,ACT_NSW_QLD_VIC,,Female,3138803,31388,31402,314
4651,c1d53c40-0090-11eb-8027-fd79b0c7803d,2015-01-14,Lloyd,Broadbent,NT_SA_TAS_WA,,Male,0,0,0,0
1647,d7ee9cb0-d205-11ea-b0d9-53acaecd0b82,2000-03-23,Lonee,Beranek,ACT_NSW_QLD_VIC,,,3124802,31248,30906,309
6369,1e3ab1a0-8236-11eb-b599-d3dc92c7d487,1956-07-18,Lonny,Davio,ACT_NSW_QLD_VIC,,Female,0,0,0,0
6502,9dc4b6d0-8c4c-11eb-a53a-f705cb42eb34,2018-02-05,Loren,Befroy,ACT_NSW_QLD_VIC,,Male,0,0,0,0
2792,c2ce1270-d6d3-11ea-9cd1-f194648955a5,1972-09-22,Lottie,Frostick,ACT_NSW_QLD_VIC,"Hypothyroidism , Fibromyalgia , Thyroid , Deaf",Female,3124802,31248,30906,309
1447,faeae5a0-c7f3-11ea-baa6-ebfe92aca975,1965-07-24,Lowell,Scare,ACT_NSW_QLD_VIC,,Female,0,0,0,0
1367,f93d83c0-c7f3-11ea-baa6-ebfe92aca975,2018-01-09,Lucien,Lovewell,ACT_NSW_QLD_VIC,,Male,0,0,0,0
4816,35c506b0-093a-11eb-a62d-6b0c4d5b0bc2,2013-10-29,Lynn,Bullick,ACT_NSW_QLD_VIC,,Female,0,0,0,0
3183,5df83d80-dce6-11ea-812e-09cdf4382371,1958-01-12,Madalyn,Dinnies,ACT_NSW_QLD_VIC,"Brain Injury",Female,0,0,0,0
5856,a886a670-5ad6-11eb-b364-c53e89ae7195,1960-02-01,Madelaine,"De la Feld",ACT_NSW_QLD_VIC,,Female,2118702,21187,20803,208
4295,c8780ba0-e811-11ea-87ea-9f6761fd60c1,2006-11-21,Magda,Iacovaccio,ACT_NSW_QLD_VIC,,Male,3106207,31062,30303,303
5832,69a2e0f0-59ef-11eb-b9fd-d586265839f9,1974-06-15,Magdalen,Laycock,ACT_NSW_QLD_VIC,"Vision Impaired",Female,0,0,0,0
6542,88999660-9037-11eb-834f-631ddc986ed7,2013-04-19,Maggie,Copley,ACT_NSW_QLD_VIC,"Intellectual disability",Male,3112010,31120,30503,305
5877,d8241560-5c4e-11eb-afd6-c542736ba567,1963-10-01,Mair,Tweedy,ACT_NSW_QLD_VIC,"Stroke (brain stem)",Male,1132613,11326,11702,117
1619,d768cae0-d205-11ea-b0d9-53acaecd0b82,2001-03-07,Maje,Novello,ACT_NSW_QLD_VIC,"Spinal Muscular Atrophies",Female,3124802,31248,30906,309
682,bd42f210-c7e9-11ea-80e0-3df355beb07c,1963-08-15,Mala,Hadingham,ACT_NSW_QLD_VIC,,Male,0,0,0,0
3169,5db5b640-dce6-11ea-812e-09cdf4382371,1975-09-20,Mala,Tomaskunas,ACT_NSW_QLD_VIC,,Female,3108805,31088,30402,304
5814,32ef8f40-56fc-11eb-94aa-e7d12dd6ca8c,2012-05-23,Malchy,Francis,ACT_NSW_QLD_VIC,,Male,0,0,0,0
3247,d36f90a0-dcef-11ea-a5ac-61abce895864,1953-01-01,Malina,Acarson,ACT_NSW_QLD_VIC,Poliomyelitis,Male,3152305,31523,31905,319
5697,6516c050-4e42-11eb-802e-9b5860f4be3e,2009-12-16,Mannie,Cassella,ACT_NSW_QLD_VIC,,Male,3124802,31248,30906,309
3465,a24151f0-dd0b-11ea-b601-f30443c81ee4,1987-05-03,Marcellina,Lumsdaine,ACT_NSW_QLD_VIC,,Male,7103804,71038,70104,701
3929,048046d0-e588-11ea-b453-3de7750d4ba6,1986-10-10,Marcia,Gilbart,NT_SA_TAS_WA,,Female,3152709,31527,30102,301
818,bfc13880-c7e9-11ea-80e0-3df355beb07c,2011-01-25,Marcos,Durden,ACT_NSW_QLD_VIC,"Down syndrome",Male,3142409,31424,31602,316
1957,6128b870-d21b-11ea-b617-61a96cd5c136,1991-09-21,Margarethe,Fronczak,ACT_NSW_QLD_VIC,,Male,3124802,31248,30906,309
6125,a0245da0-6f40-11eb-a02d-5b2e86a671cb,1976-07-18,Margeaux,Mouton,NT_SA_TAS_WA,,Female,2120223,21202,20901,209
3282,d42a2e10-dcef-11ea-a5ac-61abce895864,1976-09-30,Marguerite,Tiuit,ACT_NSW_QLD_VIC,,Female,3124802,31248,30906,309
2958,73675b50-d878-11ea-bcec-afb528268c3b,2003-06-03,Marian,Carlson,Remote,,Male,3124802,31248,30906,309
3348,d5810b80-dcef-11ea-a5ac-61abce895864,2014-09-09,Marjory,Muddle,ACT_NSW_QLD_VIC,,Male,3127107,31271,31001,310
5547,ee98dc40-39f8-11eb-a32f-4d0b5b3743ae,1988-04-26,Marlowe,Chinn,ACT_NSW_QLD_VIC,,Female,0,0,0,0
5639,c5d57770-432e-11eb-88bc-3d456db3af8b,1997-03-01,Marney,Holmyard,ACT_NSW_QLD_VIC,,Male,0,0,0,0
1012,f1dec3f0-c7f3-11ea-baa6-ebfe92aca975,2018-03-06,Marten,Nucator,ACT_NSW_QLD_VIC,"Poor/low vision ",Male,3147216,31472,31802,318
6691,b8adc750-9db5-11eb-bc83-33c0db7cf042,1995-03-27,Massimiliano,MacGaffey,ACT_NSW_QLD_VIC,,Male,3124802,31248,30906,309
6152,18624ab0-70d2-11eb-b934-3d9ccf97884e,2015-10-02,Massimo,Corryer,ACT_NSW_QLD_VIC,,Female,3124802,31248,30906,309
2349,fc05e690-d23b-11ea-a13a-d188ddbdc773,1966-07-01,Matias,Curbishley,ACT_NSW_QLD_VIC,,Male,3124802,31248,30906,309
4137,75d60860-e781-11ea-81ad-09a1d4aac9cd,1976-02-07,Matilda,Poleye,ACT_NSW_QLD_VIC,"Spina bifida",Female,2132428,21324,21205,212
4779,13b3bd00-0485-11eb-aced-072c098d2335,2006-12-25,Matthiew,Buckett,ACT_NSW_QLD_VIC,"Cerebral palsy",Female,0,0,0,0
1455,fb155100-c7f3-11ea-baa6-ebfe92aca975,2012-04-19,Maud,Dugald,ACT_NSW_QLD_VIC,,Male,3108632,31086,30402,304
4014,6a0d38a0-e5c9-11ea-90a4-1981dd2772e8,2015-09-30,Maurene,Youster,ACT_NSW_QLD_VIC,,Female,3133607,31336,31106,311
3829,f1ade000-e52b-11ea-aa27-0bababe260e0,1999-03-25,Melina,Synnot,ACT_NSW_QLD_VIC,,Male,3113121,31131,30503,305
3513,dda2f760-ddb7-11ea-a31a-7d25e47a5c0a,1957-11-19,Melisent,Meneghelli,ACT_NSW_QLD_VIC,,,3124802,31248,30906,309
6494,d688fc80-8c31-11eb-bc03-7d7816781712,2000-05-23,Melvyn,Boldry,ACT_NSW_QLD_VIC,"Hearing Impairment, Intellectual disability",Female,3148218,31482,31802,318
1800,aec98fa0-d216-11ea-bb54-b308798eda15,2011-02-17,Merlina,Bibey,ACT_NSW_QLD_VIC,"Depression, Panic disorder",,3104808,31048,30301,303
2006,a666e8d0-d220-11ea-b70a-d17e589b1829,1995-11-03,Meryl,Buxsy,ACT_NSW_QLD_VIC,,,3124802,31248,30906,309
4427,3d0ccec0-f162-11ea-bced-7f2ed6dc2008,2011-06-22,Mia,Clemmen,ACT_NSW_QLD_VIC,,Female,3124802,31248,30906,309
5934,f577fb10-6124-11eb-8fab-670fca825a9c,2006-11-21,Michal,Kerans,ACT_NSW_QLD_VIC,"Fetal alcohol syndrome",Female,3124802,31248,30906,309
4465,abe2df90-f335-11ea-8a06-cbfb91c44ca0,1956-03-13,Michele,Tarzey,ACT_NSW_QLD_VIC,,Female,3124802,31248,30906,309
698,bd8f8b70-c7e9-11ea-80e0-3df355beb07c,2010-04-05,Miguel,Mountfort,NT_SA_TAS_WA,,,3124802,31248,30906,309
1803,aed85cb0-d216-11ea-bb54-b308798eda15,1955-10-10,Mildrid,Overland,ACT_NSW_QLD_VIC,,,3109407,31094,30403,304
2453,83d6b6b0-d243-11ea-9818-790e5fd47e9b,1974-08-16,Milzie,"Van Oort",ACT_NSW_QLD_VIC,,Male,3124802,31248,30906,309
5170,e090eb80-1e21-11eb-931b-3f565ba74e99,1976-06-05,Miran,Indruch,ACT_NSW_QLD_VIC,,Female,3143802,31438,31605,316
3884,038d0d30-e588-11ea-b453-3de7750d4ba6,1955-03-18,Mollee,Voss,ACT_NSW_QLD_VIC,,Female,0,0,0,0
1216,f61f05b0-c7f3-11ea-baa6-ebfe92aca975,2007-11-22,Morrie,Hamilton,ACT_NSW_QLD_VIC,,Male,3124802,31248,30906,309
5844,b31f4480-5a26-11eb-a43a-43724216bc2c,2010-01-13,Mort,Jansa,ACT_NSW_QLD_VIC,,Female,0,0,0,0
5579,045b5840-3b80-11eb-88cd-bd59970da0db,2017-01-18,Munroe,Bofield,ACT_NSW_QLD_VIC,,Male,3124802,31248,30906,309
4277,c815ee70-e811-11ea-87ea-9f6761fd60c1,2004-11-18,Murielle,O'Docherty,ACT_NSW_QLD_VIC,"Autism spectrum disorder (ASD)",Female,3111717,31117,30502,305
2381,82320760-d243-11ea-9818-790e5fd47e9b,2016-04-05,Myra,McGaughay,ACT_NSW_QLD_VIC,,Male,3124802,31248,30906,309
6439,7cb539b0-86bb-11eb-89c1-a1e85219e049,1959-09-22,Natala,"Le Friec",ACT_NSW_QLD_VIC,,Male,3137514,31375,31304,313
3612,dfaa3910-ddb7-11ea-a31a-7d25e47a5c0a,1956-07-14,Nate,Coolbear,ACT_NSW_QLD_VIC,Amuputation,Male,2144703,21447,21101,211
4742,1729bff0-02cf-11eb-a85c-39cbdce1065e,2011-07-17,Nelly,Pylkynyton,ACT_NSW_QLD_VIC,,Female,0,0,0,0
6129,e075bef0-6f4d-11eb-84ea-2918de1c97a0,2014-03-19,Nert,Siggs,ACT_NSW_QLD_VIC,,Male,1129814,11298,11502,115
2929,87f88040-d7af-11ea-81b3-1df6f3311a57,2006-02-01,Nerti,Gillon,ACT_NSW_QLD_VIC,,Male,3137821,31378,31305,313
3985,05ad5520-e588-11ea-b453-3de7750d4ba6,1984-06-18,Nerti,Gyse,ACT_NSW_QLD_VIC,,Female,3124802,31248,30906,309
4680,c26fce90-0090-11eb-8027-fd79b0c7803d,2011-03-29,Netta,Mungan,ACT_NSW_QLD_VIC,"Epilepsy, A-Typical Rett Syndrome, Dysphagia, Cortical visual impairment, Dystonia, Bronchiectasis",Male,3137218,31372,31304,313
6154,bb9228d0-70e2-11eb-93b8-bdd09ad4d7a1,2013-05-29,Nicholle,Matteris,ACT_NSW_QLD_VIC,,Female,0,0,0,0
2596,b14dd2a0-d50d-11ea-8224-836b70d82925,1978-12-09,Nickolaus,Pooly,ACT_NSW_QLD_VIC,Schizophrenia,,3124802,31248,30906,309
5726,feb38240-4fee-11eb-91ec-c7b8412fffbe,2013-08-09,Nicola,O'Dempsey,ACT_NSW_QLD_VIC,,Female,0,0,0,0
2775,4019e910-d6c6-11ea-9177-5336deb341ac,2001-10-22,Niel,Hanne,ACT_NSW_QLD_VIC,,Other,0,0,0,0
6488,be3a82c0-8b8c-11eb-9abe-51389ac83944,2001-06-29,Nils,Lickorish,ACT_NSW_QLD_VIC,,Male,3145010,31450,31701,317
1723,63905ce0-d20b-11ea-ae84-0545f282cdcb,2011-08-24,Noell,Cranmer,ACT_NSW_QLD_VIC,,,0,0,0,0
1293,f7b8b880-c7f3-11ea-baa6-ebfe92aca975,1967-01-13,Norean,Crennan,ACT_NSW_QLD_VIC,,Male,3124802,31248,30906,309
515,d5104df0-c66a-11ea-8d7e-6fb7dd112008,2008-09-01,Norma,Denziloe,ACT_NSW_QLD_VIC,,Male,3124802,31248,30906,309
852,c06085c0-c7e9-11ea-80e0-3df355beb07c,2009-03-20,Ollie,Mace,ACT_NSW_QLD_VIC,,Female,3124802,31248,30906,309
864,c0997010-c7e9-11ea-80e0-3df355beb07c,2008-01-23,Oneida,Tomkins,ACT_NSW_QLD_VIC,"Intellectual impairment",Male,0,0,0,0
4986,57844d50-1746-11eb-ad14-cfac7009a946,1979-03-29,Ophelia,Wyllcocks,ACT_NSW_QLD_VIC,,,3124802,31248,30906,309
3975,057925c0-e588-11ea-b453-3de7750d4ba6,2015-11-02,Oran,Dinnington,ACT_NSW_QLD_VIC,"Global Developmental Delay",Male,3113012,31130,30503,305
3751,f0081f40-e52b-11ea-aa27-0bababe260e0,1994-07-11,Orlando,MacAskill,ACT_NSW_QLD_VIC,,Male,3101707,31017,30103,301
4444,aa15ee00-f254-11ea-b4bf-4f4f34a3be84,2013-05-09,Orlando,Murrhardt,ACT_NSW_QLD_VIC,ADHD,Male,3144815,31448,31701,317
3457,d7a8a670-dcef-11ea-a5ac-61abce895864,1988-08-13,Orson,Topaz,ACT_NSW_QLD_VIC,"Schizophrenia , Anxiety , Epilepsy, Hypochondriac , Mood disorder",Female,3111010,31110,30501,305
6054,d7dffca0-69e5-11eb-813c-bff1e460fe68,2016-12-04,Osbourne,Dykes,ACT_NSW_QLD_VIC,,Male,3153903,31539,30805,308
6270,32c7e010-7af8-11eb-aa30-5d230916c4cc,2015-07-26,Ottilie,Penkman,ACT_NSW_QLD_VIC,,Male,3117908,31179,30702,307
6379,8dacba70-823f-11eb-9dde-311cf3886b58,2007-04-24,Ozzie,Wayte,ACT_NSW_QLD_VIC,,Male,3136540,31365,31302,313
6498,31cabec0-8c38-11eb-a7a8-359299d3588e,2000-09-29,Pancho,Maccrea,ACT_NSW_QLD_VIC,,Male,3129326,31293,31003,310
5080,6d1a3b00-1991-11eb-a6cb-d7ad3c14d443,1977-12-30,Pauletta,Klempke,ACT_NSW_QLD_VIC,Schizophrenia,Male,3124802,31248,30906,309
732,be328230-c7e9-11ea-80e0-3df355beb07c,1954-06-21,Paulina,Cornelisse,ACT_NSW_QLD_VIC,,Female,0,0,0,0
1988,61245630-d21c-11ea-9c1d-9dc423342583,1994-02-14,Pauly,Mateuszczyk,ACT_NSW_QLD_VIC,,Male,3124802,31248,30906,309
4438,128a0040-f190-11ea-a16f-fb3ed958cff9,2008-07-16,Paxton,Tissiman,ACT_NSW_QLD_VIC,,Male,3138225,31382,31401,314
2617,b1b3c060-d50d-11ea-8224-836b70d82925,1977-06-17,Pegeen,Tolhurst,ACT_NSW_QLD_VIC,,Male,3124802,31248,30906,309
5385,d8182200-2d3c-11eb-a64b-03f8c93a1c2a,2004-11-24,Peggie,Barlthrop,ACT_NSW_QLD_VIC,,Male,0,0,0,0
1509,aafa9270-ca64-11ea-94f6-c1faec46610a,1957-07-11,Pen,Brayford,ACT_NSW_QLD_VIC,,Male,0,0,0,0
4130,75b38c40-e781-11ea-81ad-09a1d4aac9cd,1966-04-12,Penelope,Drayson,ACT_NSW_QLD_VIC,"Right above knew amputee",Female,0,0,0,0
3473,475efdb0-dd19-11ea-969d-47f387e56141,1986-01-13,Petronia,McIlwaine,ACT_NSW_QLD_VIC,,Male,0,0,0,0
5644,c524bfe0-4340-11eb-936a-1188bdea15a2,2011-01-11,Phaedra,Clarke-Williams,ACT_NSW_QLD_VIC,,Male,3141335,31413,31601,316
2109,d81102e0-d233-11ea-afee-8d56032d7889,2016-11-19,Phedra,Habbershon,ACT_NSW_QLD_VIC,,Male,2134119,21341,21302,213
5722,7b189c00-4fd9-11eb-9952-0f908165bcce,2015-05-11,Phillis,Clacson,ACT_NSW_QLD_VIC,,Male,3124802,31248,30906,309
5960,90e74940-6204-11eb-ac40-fb7d6b314fc1,1991-08-24,Philly,Peregrine,ACT_NSW_QLD_VIC,,Female,0,0,0,0
2001,a64ad550-d220-11ea-b70a-d17e589b1829,2006-02-23,Phylis,Moodie,ACT_NSW_QLD_VIC,,Male,3124802,31248,30906,309
5321,961cd0b0-288e-11eb-81d2-e553a7ca6899,2005-06-23,Port,Piffe,ACT_NSW_QLD_VIC,ADHD,Male,0,0,0,0
5337,264e1920-295a-11eb-b130-f77f10056369,1987-12-05,Prent,Torbett,ACT_NSW_QLD_VIC,,Male,0,0,0,0
1943,60e12820-d21b-11ea-b617-61a96cd5c136,1964-11-22,Pru,Southorn,ACT_NSW_QLD_VIC,,Female,3124802,31248,30906,309
2653,b25fdee0-d50d-11ea-8224-836b70d82925,2014-01-19,Raddy,Pree,ACT_NSW_QLD_VIC,,Male,3132603,31326,31105,311
5830,5c69a9a0-59ea-11eb-836b-e77e08ffa3f7,2008-01-13,Rafaelita,Laybourne,NT_SA_TAS_WA,,Male,3110107,31101,30404,304
3715,928176d0-e348-11ea-9017-f3cfe9d213c2,2000-04-14,Rance,McCoole,ACT_NSW_QLD_VIC,,Male,3107120,31071,30304,303
6275,89b9bd40-7b0b-11eb-8eec-1546f619312f,1966-06-17,Randal,Gambles,ACT_NSW_QLD_VIC,,Female,3138044,31380,31305,313
3978,05888f10-e588-11ea-b453-3de7750d4ba6,1965-01-01,Ranique,Snartt,ACT_NSW_QLD_VIC,,Male,3124802,31248,30906,309
3519,ddc0b890-ddb7-11ea-a31a-7d25e47a5c0a,1996-03-30,Raquela,Jefferys,ACT_NSW_QLD_VIC,,Male,3105321,31053,30302,303
2468,50d7fd50-d2d9-11ea-89d2-154ae041f561,2006-12-22,Raviv,Malthus,ACT_NSW_QLD_VIC,ADHD,Male,0,0,0,0
3542,de38a7b0-ddb7-11ea-a31a-7d25e47a5c0a,1972-06-27,Regen,Hansard,ACT_NSW_QLD_VIC,,Female,3109303,31093,30403,304
6463,3ceb1690-886b-11eb-bc84-51d2a96be4dd,1957-01-20,Remus,Burmaster,ACT_NSW_QLD_VIC,,Male,2145519,21455,21202,212
3299,d4803d50-dcef-11ea-a5ac-61abce895864,1995-10-01,Rene,Tattersdill,ACT_NSW_QLD_VIC,,Female,3124802,31248,30906,309
4459,4639e4d0-f2f5-11ea-8365-bd9112e8e7b5,1995-04-05,Renell,Bromage,ACT_NSW_QLD_VIC,,Female,3133408,31334,31106,311
2826,c371f390-d6d3-11ea-9cd1-f194648955a5,2013-01-26,Reyna,Kershow,ACT_NSW_QLD_VIC,,Male,0,0,0,0
2896,130d8940-d793-11ea-b844-cf6ae461bc10,2010-03-08,Rhianon,Haeslier,ACT_NSW_QLD_VIC,,Female,3110101,31101,30404,304
6586,f1624a50-927d-11eb-bc3b-5fa07f15f5a4,2011-12-18,Rhys,Ashplant,ACT_NSW_QLD_VIC,,Male,3124802,31248,30906,309
5635,55021800-4103-11eb-b285-1d4b109101a4,2013-12-02,Ricca,Beaston,ACT_NSW_QLD_VIC,,Female,0,0,0,0
5962,8db45170-6207-11eb-81df-771d1998654f,2018-10-28,Rip,Tetford,ACT_NSW_QLD_VIC,,Male,0,0,0,0
2718,b3910be0-d50d-11ea-8224-836b70d82925,2012-11-21,Rita,Ibbott,ACT_NSW_QLD_VIC,,,3124802,31248,30906,309
4442,6c762280-f223-11ea-99a0-b3efe3a0fb25,2010-05-26,Robby,Stuart,ACT_NSW_QLD_VIC,,Female,0,0,0,0
5169,e08c57a0-1e21-11eb-931b-3f565ba74e99,1970-08-22,Robena,Thresh,ACT_NSW_QLD_VIC,"Secondary Progressive Multiple Sclerosis",,4107402,41074,40304,403
5695,8cee0f50-4e3f-11eb-bba6-b19ba1822b51,2002-08-06,Robenia,Barwick,NT_SA_TAS_WA,,Male,3142209,31422,31602,316
5348,33d087d0-29f6-11eb-87eb-59cfce3d9d39,2002-05-16,Rodger,Espinola,ACT_NSW_QLD_VIC,,Male,3124802,31248,30906,309
5381,2a7fa1d0-2aef-11eb-940c-b95adee170de,1976-04-20,Rodina,Drysdall,ACT_NSW_QLD_VIC,,Female,3124802,31248,30906,309
3787,f0c72980-e52b-11ea-aa27-0bababe260e0,1960-09-01,Rogers,Schapero,ACT_NSW_QLD_VIC,,Female,3112803,31128,30503,305
3803,f1217e80-e52b-11ea-aa27-0bababe260e0,1960-07-14,Rolph,MacEllen,ACT_NSW_QLD_VIC,"I am recovering from a stroke I had in 2",Male,0,0,0,0
6060,2f9b1c00-6aa3-11eb-8adc-bd2c3beefc4b,1960-04-07,Romy,Rashleigh,ACT_NSW_QLD_VIC,,Female,3154831,31548,31607,316
3824,f18f8290-e52b-11ea-aa27-0bababe260e0,1967-01-15,Ronny,Percy,ACT_NSW_QLD_VIC,"Vision Impairment",,3152114,31521,31904,319
883,c0f1c940-c7e9-11ea-80e0-3df355beb07c,1981-04-22,Rory,Abrahmson,ACT_NSW_QLD_VIC,"Mental health",Male,3124802,31248,30906,309
867,c0a704a0-c7e9-11ea-80e0-3df355beb07c,2008-11-01,Rosabel,Bungey,ACT_NSW_QLD_VIC,,Male,5124319,51243,50902,509
1412,fa2f0fb0-c7f3-11ea-baa6-ebfe92aca975,1972-09-12,Rosamond,Turmall,ACT_NSW_QLD_VIC,,Male,3124802,31248,30906,309
5591,ecf41250-3ddc-11eb-87b4-a5a0f7914064,2019-08-12,Rosamund,Gibbieson,ACT_NSW_QLD_VIC,"Cerebral palsy",Female,3137013,31370,31303,313
6537,32c4baf0-8e00-11eb-8012-bfbba8f8d1fe,1980-09-20,Rosemaria,Lorincz,NT_SA_TAS_WA,,Female,3138632,31386,31401,314
4864,06b63500-0d19-11eb-8c51-dfd767159536,2007-03-06,Rosmunda,Leale,ACT_NSW_QLD_VIC,,,3125311,31253,30907,309
4098,5339f560-e762-11ea-87b5-2d26e519b5b2,2007-06-03,Rozanna,Jenkerson,ACT_NSW_QLD_VIC,,,3124802,31248,30906,309
3404,d69f4cc0-dcef-11ea-a5ac-61abce895864,1981-08-26,Rubi,Priestman,ACT_NSW_QLD_VIC,,Male,3124802,31248,30906,309
4395,16072b50-edba-11ea-af34-09149db4ece0,1970-10-16,Rudolfo,Braund,ACT_NSW_QLD_VIC,,Male,0,0,0,0
5307,614e1390-27b6-11eb-bdf9-cd2abfe7d493,2017-05-16,Rudy,Tiery,ACT_NSW_QLD_VIC,,Male,0,0,0,0
3476,6dd29f30-dd30-11ea-8932-e364f5ef8de8,2014-06-28,Rycca,Hargerie,ACT_NSW_QLD_VIC,,,3124802,31248,30906,309
3935,04a02ae0-e588-11ea-b453-3de7750d4ba6,2010-08-22,Sabra,Candlin,ACT_NSW_QLD_VIC,,Male,3110009,31100,30404,304
2742,b4044010-d50d-11ea-8224-836b70d82925,2008-09-08,Sallie,Imlaw,ACT_NSW_QLD_VIC,"Asthma, Alergies, Anxiety, ADHD, 17q12 microdeletion syndrome",Male,3107604,31076,30305,303
3165,5da2ca80-dce6-11ea-812e-09cdf4382371,1963-01-31,Sandy,Seak,ACT_NSW_QLD_VIC,"Intellectual impairment",Male,3108119,31081,30401,304
4915,0ce8c1f0-0f6b-11eb-8e3a-3b5e2f146133,1995-07-19,Sarette,Tallet,ACT_NSW_QLD_VIC,,,3124802,31248,30906,309
5876,e58ae2d0-5c47-11eb-91a6-2fb546949569,1968-10-14,Sawyere,Eaglen,ACT_NSW_QLD_VIC,,,0,0,0,0
739,be530280-c7e9-11ea-80e0-3df355beb07c,2012-04-28,Sayre,Sikora,NT_SA_TAS_WA,,Male,3124802,31248,30906,309
6285,d15f1ed0-7bae-11eb-a3a4-fb1bacd39b9d,2011-11-23,Scarlett,Haydon,ACT_NSW_QLD_VIC,,Female,2146725,21467,21305,213
815,bfb32ec0-c7e9-11ea-80e0-3df355beb07c,1968-07-03,Scotty,Hallum,ACT_NSW_QLD_VIC,"PTSD, Anxiety and panic dissorder , Legally Blind, Depression",Male,3124802,31248,30906,309
5073,e55e6170-18e4-11eb-9549-1d70939e2876,2012-10-14,Sergeant,Loveitt,ACT_NSW_QLD_VIC,"ADHD, Learning disabilities , Anxiety",Male,3142022,31420,31602,316
2223,af1aeb80-d238-11ea-aed8-25028c760942,2006-06-27,Seward,Riolfi,ACT_NSW_QLD_VIC,,Female,3124802,31248,30906,309
5542,d3ef9210-39e1-11eb-a2f4-a5c540a3c2e3,2000-12-01,Shanda,Rendle,ACT_NSW_QLD_VIC,,Male,2122602,21226,21001,210
5117,04622b90-1d6f-11eb-a766-976e2b657328,1969-12-06,Shantee,Tomlin,ACT_NSW_QLD_VIC,,Male,3124802,31248,30906,309
862,c08fac10-c7e9-11ea-80e0-3df355beb07c,2011-09-25,Shari,Suermeier,ACT_NSW_QLD_VIC,,Male,3132804,31328,31105,311
4096,52f6f8f0-e762-11ea-87b5-2d26e519b5b2,1972-11-02,Shaun,Macvey,ACT_NSW_QLD_VIC,,Male,0,0,0,0
4722,3e9cc690-0216-11eb-86b1-7fe8942bb631,1974-08-12,Shayne,Lamb,ACT_NSW_QLD_VIC,,,3124802,31248,30906,309
1418,fa4f1ad0-c7f3-11ea-baa6-ebfe92aca975,2006-09-26,Sheelah,Pestor,ACT_NSW_QLD_VIC,,Male,3124802,31248,30906,309
6357,3498ce60-816d-11eb-99b3-1debecb9d53b,1975-05-21,Sheeree,Calendar,ACT_NSW_QLD_VIC,,Female,0,0,0,0
763,bec30260-c7e9-11ea-80e0-3df355beb07c,1989-06-24,Sheffie,Brewerton,ACT_NSW_QLD_VIC,"Intellectual impairment",Female,3105805,31058,30302,303
3415,d6d59f00-dcef-11ea-a5ac-61abce895864,1980-01-22,Shelba,Grabbam,ACT_NSW_QLD_VIC,,Female,3133405,31334,31106,311
5520,a0f12700-382b-11eb-9a4d-4100b925c16b,2017-09-04,Shelbi,Rose,ACT_NSW_QLD_VIC,,Female,0,0,0,0
4408,950bea60-f0be-11ea-8cdf-631a0d056901,2014-11-21,Sheri,Fillery,ACT_NSW_QLD_VIC,,Male,0,0,0,0
6206,167cfbd0-75a7-11eb-9bcd-bfa17f1019ff,2007-01-04,Sherwynd,Malcolm,ACT_NSW_QLD_VIC,,Female,3142739,31427,31603,316
5707,25703530-4f0a-11eb-aab6-0727412ff01c,1959-01-18,Shirline,Purvis,ACT_NSW_QLD_VIC,"Brain Injury",Male,3124802,31248,30906,309
5383,d1e131d0-2af6-11eb-a584-d914bf167423,1965-02-13,Shurlock,Taks,ACT_NSW_QLD_VIC,"Kennedy's Disease",Male,3124802,31248,30906,309
4002,06084660-e588-11ea-b453-3de7750d4ba6,2004-10-20,Sib,Bladge,ACT_NSW_QLD_VIC,"Trisomy X, ASD level 2",Female,3124802,31248,30906,309
5738,efe376d0-5174-11eb-bca7-d75a19af09ab,1960-09-24,Sibelle,Kelinge,ACT_NSW_QLD_VIC,,Female,3124802,31248,30906,309
3611,dfa55710-ddb7-11ea-a31a-7d25e47a5c0a,1974-12-15,Sidnee,Selborne,ACT_NSW_QLD_VIC,,,3124802,31248,30906,309
5391,8ffecae0-2d47-11eb-81fc-650df1f61410,1984-03-30,Sidoney,Manilow,ACT_NSW_QLD_VIC,,Male,3130527,31305,31101,311
6115,79b9ab70-6d29-11eb-8538-0dc981f466b3,2009-07-13,Sigfrid,Arnatt,ACT_NSW_QLD_VIC,,Male,0,0,0,0
4289,c855dda0-e811-11ea-87ea-9f6761fd60c1,1975-11-30,Sigfrid,Curley,ACT_NSW_QLD_VIC,,Female,2132711,21327,21205,212
6442,ac031670-86dd-11eb-957e-fbb341bba390,1977-10-25,Silas,Tesimon,ACT_NSW_QLD_VIC,,Male,3137709,31377,31305,313
2852,c3f0c080-d6d3-11ea-9cd1-f194648955a5,2015-01-07,Sly,Benedettini,ACT_NSW_QLD_VIC,ADHD,Female,3124802,31248,30906,309
5388,31a23740-2d45-11eb-ab40-df0d4645a334,2011-05-12,Somerset,Meynell,ACT_NSW_QLD_VIC,,Male,3141519,31415,31601,316
3667,a2732fc0-e01e-11ea-92df-d1e0ff55d2c5,1990-01-06,Stacia,Congram,ACT_NSW_QLD_VIC,,Female,0,0,0,0
4274,c805c1d0-e811-11ea-87ea-9f6761fd60c1,1999-04-06,Stacy,Rhys,ACT_NSW_QLD_VIC,"Hydrocephalus, Spina bifida",Male,0,0,0,0
4100,53721c60-e762-11ea-87b5-2d26e519b5b2,1966-05-17,Staford,Hanvey,ACT_NSW_QLD_VIC,,Female,1132619,11326,11702,117
5549,43af0450-39fb-11eb-8125-85919dee082c,2007-07-19,Standford,Clayal,ACT_NSW_QLD_VIC,,Male,0,0,0,0
4714,f69cb3e0-020c-11eb-9c11-c9cacbae4cb9,2011-08-08,Stearne,Bissex,ACT_NSW_QLD_VIC,,Male,3125702,31257,30907,309
4597,8bc50080-fede-11ea-9974-4d3db73557b3,2008-10-07,Stefan,Esilmon,ACT_NSW_QLD_VIC,,Female,3113724,31137,30504,305
1762,219fda70-d212-11ea-8b42-db603b1b9020,2003-05-12,Stephani,Wilbraham,ACT_NSW_QLD_VIC,,,3124802,31248,30906,309
601,bbc2e1c0-c7e9-11ea-80e0-3df355beb07c,2017-10-19,Stephenie,Nyssens,ACT_NSW_QLD_VIC,,,3104527,31045,30204,302
5463,114f3260-32e3-11eb-ba5b-eb00923e8980,1981-10-21,Stevena,Pointon,ACT_NSW_QLD_VIC,,Female,3104111,31041,30204,302
6458,2fbb7810-87a9-11eb-979c-e1f07eb5fc75,1957-02-08,Stevie,Larsen,ACT_NSW_QLD_VIC,,Female,0,0,0,0
3933,0495a390-e588-11ea-b453-3de7750d4ba6,1984-05-09,Stoddard,Macourek,ACT_NSW_QLD_VIC,,,3127215,31272,31001,310
6366,97a49220-8233-11eb-bd84-e3eb015abb4f,2006-07-05,Storm,Pahl,ACT_NSW_QLD_VIC,,Female,0,0,0,0
5477,2a20c1c0-342b-11eb-970c-c1b78e494070,1966-01-01,Stu,Shaul,ACT_NSW_QLD_VIC,,Female,3124802,31248,30906,309
5840,ebc367f0-5a1f-11eb-9bd5-8bc218861f09,1958-01-09,Suellen,Cotterell,ACT_NSW_QLD_VIC,"Mental health",Female,0,0,0,0
5665,d3a28c60-44ca-11eb-897f-07a7669993bf,2015-04-06,Susana,"Zum Felde",ACT_NSW_QLD_VIC,"Develpmental Delay ",Male,1137406,11374,11903,119
679,bd350f60-c7e9-11ea-80e0-3df355beb07c,2003-12-10,Susie,Cottee,ACT_NSW_QLD_VIC,,Female,0,0,0,0
4424,429898c0-f161-11ea-bced-7f2ed6dc2008,2016-11-16,Suzann,Vinker,ACT_NSW_QLD_VIC,,Female,3124802,31248,30906,309
3068,5bc88c40-dce6-11ea-812e-09cdf4382371,2011-11-07,Tabby,Perkins,ACT_NSW_QLD_VIC,"Cerebral palsy",Female,3124802,31248,30906,309
4093,52ac8270-e762-11ea-87b5-2d26e519b5b2,1952-10-28,Tades,Lorenzo,ACT_NSW_QLD_VIC,"Complex PTSD,Dissasociation Syndrome. ,C",Male,3124802,31248,30906,309
4775,952a8860-0466-11eb-bf3a-27836382a196,1961-07-04,Tades,Sebyer,ACT_NSW_QLD_VIC,,Female,3148231,31482,31802,318
4008,de8ea090-e5b2-11ea-a33c-a9cb16d05319,1989-01-03,Tammie,Golding,ACT_NSW_QLD_VIC,"Asperger syndrome, Intellectual impairment",Female,3124802,31248,30906,309
4834,68883f60-09f1-11eb-b7e6-5f90c3a4b38d,1985-12-20,Tandi,"Van Eeden",ACT_NSW_QLD_VIC,,Male,2134242,21342,21302,213
1930,609f8b40-d21b-11ea-b617-61a96cd5c136,2011-03-03,Tanny,Trundler,ACT_NSW_QLD_VIC,,,3124802,31248,30906,309
4431,2fb4fcd0-f166-11ea-a991-53506b6cb9f3,2017-03-17,Tanya,Amerighi,ACT_NSW_QLD_VIC,,Female,0,0,0,0
3887,039d87f0-e588-11ea-b453-3de7750d4ba6,1986-10-12,Tatiania,Bilbery,ACT_NSW_QLD_VIC,,Female,0,0,0,0
4474,06652ab0-f3f2-11ea-b4b1-b16848150c7f,2008-07-03,Tedman,Cresser,ACT_NSW_QLD_VIC,,Male,0,0,0,0
2308,fb226460-d23b-11ea-a13a-d188ddbdc773,2013-08-17,Temp,Simmonett,ACT_NSW_QLD_VIC,"Leigh syndrome",Female,3132144,31321,31104,311
832,c0051f50-c7e9-11ea-80e0-3df355beb07c,2014-06-23,Tera,Fencott,NT_SA_TAS_WA,,Female,3124802,31248,30906,309
758,beac1f00-c7e9-11ea-80e0-3df355beb07c,1975-08-02,Teriann,Beaze,ACT_NSW_QLD_VIC,,Female,3124802,31248,30906,309
3705,54987420-e2a5-11ea-bb24-17630c04e825,1960-07-06,Terza,Bingell,ACT_NSW_QLD_VIC,,Female,1114417,11144,10704,107
3663,c6762090-ddde-11ea-b853-19fa329f629c,2017-02-15,Theressa,Swain,Remote,,Female,0,0,0,0
4988,bfd4e710-1747-11eb-ad14-cfac7009a946,1982-06-01,Thoma,Ghelerdini,ACT_NSW_QLD_VIC,,Female,3124802,31248,30906,309
6367,7f3852c0-8234-11eb-bd84-e3eb015abb4f,1988-02-22,Thorsten,Hazelhurst,ACT_NSW_QLD_VIC,,Male,0,0,0,0
1028,f2382e90-c7f3-11ea-baa6-ebfe92aca975,2003-06-01,Thorvald,Jasper,NT_SA_TAS_WA,,Male,0,0,0,0
6306,e1ac5260-7caf-11eb-8208-a75feec9c361,2009-02-23,Tiena,Bird,ACT_NSW_QLD_VIC,ADHD,Female,3124802,31248,30906,309
897,c134c5b0-c7e9-11ea-80e0-3df355beb07c,2005-08-27,Tim,Rubinfeld,ACT_NSW_QLD_VIC,,Female,3124802,31248,30906,309
4219,04a00dd0-e78b-11ea-8ae0-713eb2282c5f,1965-11-06,Timmie,Burchess,ACT_NSW_QLD_VIC,,Female,0,0,0,0
6051,d935c570-69e1-11eb-a4b7-051ef45869c6,1978-05-08,Timothee,Cullinan,ACT_NSW_QLD_VIC,,Female,0,0,0,0
5969,266b0440-6424-11eb-ad5e-eddbb9afff8a,1959-02-13,Tirrell,Dubbin,ACT_NSW_QLD_VIC,,,3124802,31248,30906,309
4981,ec89c110-1506-11eb-8923-5b9c24c976bd,2005-03-31,Tobiah,Toma,ACT_NSW_QLD_VIC,,Female,3112701,31127,30503,305
4704,3e98eeb0-0155-11eb-b68c-6b3c9ca29fbd,1961-01-24,Toma,Alyonov,ACT_NSW_QLD_VIC,,Male,3108015,31080,30306,303
6168,59444270-71bf-11eb-85dd-9b291f7d6b8b,2011-02-03,Tomkin,Pinwell,ACT_NSW_QLD_VIC,,Male,3147003,31470,31802,318
4863,d3d01350-0d17-11eb-8c51-dfd767159536,1954-10-27,Tootsie,Bettam,ACT_NSW_QLD_VIC,,Male,0,0,0,0
3746,efe9c1d0-e52b-11ea-aa27-0bababe260e0,1997-05-14,Tore,Letson,ACT_NSW_QLD_VIC,"Anxiety, Neurogenic Bladder & Bowel, ADHD, Epilepsy, Chiari Malformation, Intellectual disability, Spina bifida",Male,0,0,0,0
2933,880e2b20-d7af-11ea-81b3-1df6f3311a57,1969-02-09,Townsend,Rosensaft,ACT_NSW_QLD_VIC,Narcolepsy,Female,0,0,0,0
2388,825aec20-d243-11ea-9818-790e5fd47e9b,2008-03-17,Townsend,Szreter,ACT_NSW_QLD_VIC,,Male,3124802,31248,30906,309
4918,8a4e5af0-0f85-11eb-b6a1-95dc4172f63e,1975-07-16,Trefor,Snooks,ACT_NSW_QLD_VIC,"Alzheimer's dementia",Male,0,0,0,0
6474,923ea550-8aa8-11eb-8ed9-479397380e0c,1957-06-24,Trip,Frisch,ACT_NSW_QLD_VIC,"Vision Impaired",Male,3124802,31248,30906,309
5191,a24bf5c0-1ef5-11eb-bbaf-211a1045b5f9,1979-04-07,Tripp,Skule,ACT_NSW_QLD_VIC,,Female,3124802,31248,30906,309
5206,6e968da0-1f2a-11eb-81ab-493d6bc0272b,1984-06-13,Troy,Mathes,ACT_NSW_QLD_VIC,,Female,3123322,31233,30902,309
2600,b1604930-d50d-11ea-8224-836b70d82925,2010-01-09,Tulley,Loadsman,ACT_NSW_QLD_VIC,,Female,2142119,21421,21701,217
4914,08a89220-0f69-11eb-9bf4-e531381b830c,1974-10-24,Tyson,Bartholomaus,ACT_NSW_QLD_VIC,,,0,0,0,0
4886,580a7b50-0e95-11eb-a0b3-33a58f98b378,1978-06-20,Tyson,Braddick,ACT_NSW_QLD_VIC,"Acquired Brain Injury, Hearing Impairment",Female,3124802,31248,30906,309
6274,7d2d2100-7b03-11eb-82bb-31e481a88c60,2017-08-05,Tyson,Calleja,ACT_NSW_QLD_VIC,,Male,3129617,31296,31004,310
1749,21582310-d212-11ea-8b42-db603b1b9020,2011-09-28,Val,Brokenshaw,NT_SA_TAS_WA,,,3131710,31317,31103,311
1664,e87aba70-d208-11ea-a272-f7bc49fb354a,1967-03-18,Valaria,Orro,ACT_NSW_QLD_VIC,,Male,3105506,31055,30302,303
5838,ac4613f0-5a1c-11eb-84c3-e553bbeade6f,1960-01-09,Valentin,Brunesco,ACT_NSW_QLD_VIC,,Male,1160216,11602,12801,128
1531,b6bc5ac0-cbc3-11ea-805a-75fc51d39a77,2011-01-30,Valentina,Danilowicz,ACT_NSW_QLD_VIC,,Male,3110316,31103,30404,304
2041,a730a170-d220-11ea-b70a-d17e589b1829,1971-08-25,Valle,Pepler,ACT_NSW_QLD_VIC,,Male,3107216,31072,30305,303
4114,5553ada0-e762-11ea-87b5-2d26e519b5b2,2006-03-29,Vanessa,Dingwall,ACT_NSW_QLD_VIC,"Down syndrome",Male,3124802,31248,30906,309
4010,269d8380-e5c0-11ea-8acb-1b6a5a51c6e3,2013-11-01,Vaughn,Penrose,ACT_NSW_QLD_VIC,,Male,1144136,11441,12302,123
2446,83ac9970-d243-11ea-9818-790e5fd47e9b,2012-08-22,Vera,Parzizek,ACT_NSW_QLD_VIC,,Male,3133228,31332,31106,311
5997,21e00eb0-65b5-11eb-abb0-5d2235e929c3,2020-07-01,Veradis,Dunican,ACT_NSW_QLD_VIC,,Male,0,0,0,0
2934,88130d20-d7af-11ea-81b3-1df6f3311a57,1964-02-04,Veriee,Hewson,ACT_NSW_QLD_VIC,"Vision Impaired",Female,3124425,31244,30905,309
4873,cbe4c450-0dae-11eb-9f4e-e5487928c355,1980-11-24,Vernor,Gillam,ACT_NSW_QLD_VIC,,Male,3124802,31248,30906,309
6585,21ed80c0-91ea-11eb-bc0f-63001944e4e8,2013-06-11,Veronike,Heminsley,ACT_NSW_QLD_VIC,ASD,Male,2130424,21304,21203,212
5886,e37adcd0-5c6e-11eb-a9c6-ef1a9dde1c35,1990-02-10,Vic,Tooby,ACT_NSW_QLD_VIC,,Male,3124802,31248,30906,309
5752,2292e2d0-53c0-11eb-85a9-8bbfb99eece6,2002-06-25,Vincenz,Neasham,ACT_NSW_QLD_VIC,,Female,0,0,0,0
4226,5ab8bce0-e7fd-11ea-aa9a-6bdc12f6da99,2017-04-26,Wait,Pattemore,ACT_NSW_QLD_VIC,,Male,1137732,11377,11904,119
4207,9cd9ba10-e786-11ea-973c-bf41324305ed,1999-08-12,Wake,Hillam,ACT_NSW_QLD_VIC,"823.1 Duplication Syndrome",Female,3102810,31028,30202,302
1029,f23ce980-c7f3-11ea-baa6-ebfe92aca975,2013-04-02,Waldemar,Feben,ACT_NSW_QLD_VIC,,Male,0,0,0,0
5342,c8272a50-29ed-11eb-9fa3-8ba77cfb6708,1964-04-02,Warden,Sturges,ACT_NSW_QLD_VIC,,Female,0,0,0,0
724,be0be760-c7e9-11ea-80e0-3df355beb07c,1986-09-14,Waverley,Collicott,ACT_NSW_QLD_VIC,,Male,3132613,31326,31105,311
4595,9dde96b0-fece-11ea-857c-3743fffd500b,1963-09-21,Waylon,Sockell,ACT_NSW_QLD_VIC,,Female,3131211,31312,31103,311
5971,ea5f36b0-6428-11eb-bbba-7f0d443d6e7f,1984-08-03,Webster,Rollason,ACT_NSW_QLD_VIC,,Male,0,0,0,0
5455,09de80f0-32d2-11eb-9c8a-0378c21b4457,1969-01-13,Wheeler,Brownsey,ACT_NSW_QLD_VIC,,Female,0,0,0,0
5074,eec753b0-18e5-11eb-9549-1d70939e2876,2006-05-25,Wilbur,Quinion,ACT_NSW_QLD_VIC,,Male,0,0,0,0
2275,fa6248b0-d23b-11ea-a13a-d188ddbdc773,2014-12-06,Winn,Rubenfeld,ACT_NSW_QLD_VIC,,Male,3136507,31365,31302,313
5590,23dc4630-3ddc-11eb-87b4-a5a0f7914064,1956-08-13,Winny,Corton,ACT_NSW_QLD_VIC,,Male,3154516,31545,31607,316
1544,94f0c500-cc92-11ea-9f69-1da30b9bef59,1968-01-21,Winslow,Bulfield,ACT_NSW_QLD_VIC,"Motor neuron disease",Female,3104121,31041,30204,302
4034,ab3710d0-e6a0-11ea-94ab-d3b1a96cb8bc,2008-08-28,Wittie,Stonebridge,ACT_NSW_QLD_VIC,"ADHD, ASD, Intellectual learning impaired",Male,0,0,0,0
3066,5bbb93f0-dce6-11ea-812e-09cdf4382371,2000-01-07,Yale,Muzzullo,ACT_NSW_QLD_VIC,,Male,1111123,11111,10601,106
5833,6220c530-59f0-11eb-a2a9-b1ca3fd2fbfe,1966-10-05,Yard,Phebee,ACT_NSW_QLD_VIC,"Intellectual disability",Male,0,0,0,0
5523,d7df0cf0-383a-11eb-be63-9985b59eb39b,2018-12-10,Yard,Yesipov,ACT_NSW_QLD_VIC,,Female,0,0,0,0
5272,81401880-23e0-11eb-8991-eb22d8e698d5,2011-08-10,Yorgo,Gipps,ACT_NSW_QLD_VIC,,Male,3136811,31368,31302,313
5910,79806580-6050-11eb-b21d-275580521b9f,1957-10-23,Yorke,Semrad,ACT_NSW_QLD_VIC,,Female,3138301,31383,31401,314
5192,99bfbd00-1ef6-11eb-bbaf-211a1045b5f9,2015-03-06,Zacharias,Oller,ACT_NSW_QLD_VIC,"Developmental Delay",Female,0,0,0,0
6443,5c225e30-86de-11eb-957e-fbb341bba390,2011-08-04,Zackariah,Vreiberg,ACT_NSW_QLD_VIC,,Male,1109613,11096,10501,105
921,c1a47770-c7e9-11ea-80e0-3df355beb07c,1959-03-08,Zandra,Birrel,ACT_NSW_QLD_VIC,,Female,3110322,31103,30404,304
4155,7637b060-e781-11ea-81ad-09a1d4aac9cd,1993-08-08,Zea,Burgher,ACT_NSW_QLD_VIC,,,3124802,31248,30906,309
5964,6b286810-6209-11eb-b21d-d55a0b7f3566,1979-01-21,Zelig,Rehor,ACT_NSW_QLD_VIC,"Grief Disorder, Major Depressive disorder, PTSD, Frontal Lobe Brain Tumour, Anxiety Disorders, Borderline personality disorder, Frontal lobe focal epilepsy",Male,3138330,31383,31401,314
691,bd6e6ee0-c7e9-11ea-80e0-3df355beb07c,2015-08-04,Zola,Chang,ACT_NSW_QLD_VIC,"Hearing Impairment",Female,3124802,31248,30906,309
